network_seed,scenario,decision_scenario_index,stress_level,expected_ml_improvement_vs_free_flow_percent,expected_ml_regret_vs_oracle_percent,mean_distance_realized_cost,mean_free_flow_realized_cost,mean_ml_realized_cost,mean_expected_oracle_route_realized_cost,mean_ml_improvement_vs_distance_percent,mean_ml_improvement_vs_free_flow_percent,mean_draw_level_ml_improvement_vs_free_flow_percent,distance_realized_std,free_flow_realized_std,ml_realized_std,distance_p90_realized_cost,free_flow_p90_realized_cost,ml_p90_realized_cost,expected_oracle_route_p90_realized_cost,ml_p90_improvement_vs_free_flow_percent,win_probability,tie_probability,loss_probability,conditional_win_probability,mean_common_shock,common_shock_std_observed
0,weekday_midday,0,mild,0.0,0.0,135.55320964074153,113.42447640413717,113.42447640413717,113.42447640413717,16.324757853578266,0.0,0.0,8.183964406498195,7.09263284457678,7.09263284457678,144.63914417474925,121.03962385917563,121.03962385917563,121.03962385917563,0.0,0.0,1.0,0.0,,0.00030012217319604697,0.04335167706461176
0,weekday_midday,0,moderate,0.0,0.0,135.4540530392264,113.32256171622032,113.32256171622032,113.32256171622029,16.338744265257965,0.0,0.0,16.21860727775216,13.706500703900415,13.706500703900415,153.60405208642578,126.25323559392653,126.25323559392653,126.25323559392655,0.0,0.0,1.0,0.0,,0.0006002443463920939,0.08670335412922352
0,weekday_midday,0,severe,0.0,0.0,135.5319622824018,113.46573029310633,113.46573029310633,113.46573029310633,16.28120158351803,0.0,0.0,25.141039927388274,21.08404807079239,21.08404807079239,163.66756345817328,133.68742004112963,133.68742004112963,133.68742004112963,0.0,0.0,1.0,0.0,,0.0009003665195881466,0.13005503119383527
0,weekday_rush,1,mild,3.643816582443064,0.0,168.10006780320992,137.8801876136521,132.55739251992858,132.55739251992858,21.14376023029935,3.860449558306588,3.8095612776744714,9.944073205122873,8.647734982830672,7.670912878382226,181.02245778294989,148.91286278173055,142.51452429879268,142.51452429879268,4.296699669467947,0.96,0.0,0.04,0.96,0.002582723433196879,0.04184042760505255
0,weekday_rush,1,moderate,3.643816582443064,0.0,168.79198270873022,138.24812049951512,132.68231611391192,132.68231611391192,21.392998657483414,4.025953022357886,3.8408673145873053,21.35258551706787,17.89221709753606,15.757624137273629,198.1071236211859,162.2965793126238,153.54062977545232,153.5406297754523,5.395030242938971,0.83,0.0,0.17,0.83,0.005165446866393758,0.0836808552101051
0,weekday_rush,1,severe,3.643816582443064,0.0,169.66561991751377,138.76352543993934,132.88257678608662,132.88257678608662,21.679726953115157,4.238108418770437,3.7512613660909024,34.83174089480338,28.8206460313335,25.160467642534503,218.28404935957397,177.4557922217654,166.34630431349396,166.34630431349396,6.260425635691832,0.76,0.0,0.24,0.76,0.007748170299590639,0.12552128281515765
0,weekend_midday,2,mild,0.0,0.0,115.42035592227894,100.10231818508677,100.10231818508677,100.10231818508677,13.271521834074864,0.0,0.0,5.9623140703488255,5.764981295813013,5.764981295813013,123.15607205076813,107.85581758004392,107.85581758004392,107.85581758004392,0.0,0.0,1.0,0.0,,0.006283912110018791,0.03935431308740689
0,weekend_midday,2,moderate,0.0,0.0,115.99633845108912,100.54346190270795,100.54346190270795,100.54346190270795,13.321865806046121,0.0,0.0,11.048611990375093,10.384747819068647,10.384747819068647,130.8795121048903,114.10813102132954,114.10813102132954,114.10813102132953,0.0,0.0,1.0,0.0,,0.012567824220037582,0.07870862617481378
0,weekend_midday,2,severe,0.0,0.0,116.712505860789,101.18122256993585,101.18122256993585,101.18122256993585,13.307299998663696,0.0,0.0,16.52067646685673,15.540795908989999,15.540795908989999,139.08790108795495,121.37637101619339,121.37637101619339,121.37637101619339,0.0,0.0,1.0,0.0,,0.018851736330056382,0.11806293926222067
0,weekend_evening,3,mild,3.261024962827661,0.0,130.48252853582758,122.63974302159968,118.79402705230581,118.79402705230581,8.957905410541132,3.135782801352216,3.080959696706445,7.31833323505888,7.525272603976793,7.036577656960396,138.91341775797858,132.69772434978105,127.0240075792542,127.0240075792542,4.275669984792933,0.86,0.0,0.14,0.86,-0.0006734803717870764,0.03942017574381755
0,weekend_evening,3,moderate,3.261024962827661,0.0,130.27397367423006,122.27175368667837,118.4887472251647,118.4887472251647,9.046493414360814,3.0939332654110996,2.919396455009412,14.121656381359376,14.642297055553335,13.513441199572444,147.07242361355802,139.86690581815614,134.1571906777174,134.1571906777174,4.082248840095206,0.73,0.0,0.27,0.73,-0.001346960743574153,0.0788403514876351
0,weekend_evening,3,severe,3.261024962827661,0.0,130.22337799053864,122.1019997890106,118.36552296816039,118.3655229681604,9.105780548282027,3.0601274568039494,2.603949058791767,21.752052760265943,22.73901674462318,20.76678814301745,156.67771887677648,150.3144792719081,142.28821873871834,142.2882187387183,5.339645636313479,0.66,0.0,0.34,0.66,-0.0020204411153612266,0.11826052723145264
1,weekday_midday,4,mild,-0.2963352442731965,1.3177701889131366,116.26033629975757,116.0307231299894,116.58225053384565,115.16121989691469,-0.27689085059764695,-0.4753287655015114,-0.5150329749243625,6.341811637906542,6.417650134102292,6.266434556557339,123.66068349993257,123.33005554064029,124.60260076667339,123.3084408586033,-1.0318208489039133,0.41,0.0,0.59,0.41,-0.00040492356713163464,0.04024471861488943
1,weekday_midday,4,moderate,-0.2963352442731965,1.3177701889131366,115.86223985343484,115.60127971684037,116.26187198860544,114.92366815955359,-0.34492008412414976,-0.57144027590625,-0.7054880762192804,12.119220136158551,12.586331799981865,12.157882562192473,130.55239326668715,130.2662933657509,131.03981254249825,130.58405783693502,-0.5937984084459467,0.42,0.0,0.58,0.42,-0.0008098471342632693,0.08048943722977886
1,weekday_midday,4,severe,-0.2963352442731965,1.3177701889131366,115.61296629081612,115.28388379850549,116.03522327705684,114.85295229396984,-0.36523324311095723,-0.6517298461808922,-1.049391368448571,18.59643240784829,19.718181629413376,18.84911898087694,139.01424090192202,138.04592672686414,139.32606620775508,138.92085667275,-0.9273286878096773,0.46,0.0,0.54,0.46,-0.0012147707013949044,0.12073415584466829
1,weekday_rush,5,mild,0.9408220636726048,0.0,160.98644653180037,136.68374301323058,135.15609456807115,135.15609456807115,16.04504759264118,1.117651895889006,1.0976274892481261,9.603795324483514,8.008472890240334,7.871489666481139,173.97617482466717,148.32429984066462,146.35782837055115,146.35782837055118,1.3257918441050665,0.72,0.0,0.28,0.72,0.0018279600016896955,0.037906690782102986
1,weekday_rush,5,moderate,0.9408220636726048,0.0,161.16561780898596,137.1432103076162,135.45434792077154,135.45434792077154,15.953321953996108,1.2314589858706677,1.1742110785805684,20.153598706364807,16.255005038472582,15.898222803689341,187.88063457140512,162.51392328639963,157.6461501045468,157.64615010454682,2.995296085046401,0.65,0.0,0.35,0.65,0.003655920003379391,0.07581338156420597
1,weekday_rush,5,severe,0.9408220636726048,0.0,161.65306790137393,137.90942779160727,136.012925990707,136.012925990707,15.861215777426644,1.3751792254305057,1.2438408815456474,32.86044686298333,26.149103951879006,25.507327789704544,204.23325893935888,178.15942044984828,171.89622111843516,171.89622111843516,3.5155027534321177,0.62,0.0,0.38,0.62,0.0054838800050690875,0.11372007234630896
1,weekend_midday,6,mild,2.277793098486334,0.0,110.45643367345644,102.48302270382509,99.83528939813277,99.83528939813276,9.61568640421895,2.5835823689004918,2.545979984545111,6.630907006510597,6.0913624344507715,5.874639047605461,117.7649500836793,109.77592808182445,106.14839032541876,106.14839032541877,3.304492906406406,0.82,0.0,0.18,0.82,0.0028630340511059333,0.044338340046039634
1,weekend_midday,6,moderate,2.277793098486334,0.0,110.88093292339336,103.30623652454295,100.45817920985218,100.45817920985218,9.39995131601406,2.7569074341549076,2.6471274348419955,12.363454676645953,11.372963778463024,10.783904744031563,125.51860258178466,117.31469094532204,112.52387937357535,112.52387937357535,4.083726882918342,0.69,0.0,0.31,0.69,0.0057260681022118665,0.08867668009207927
1,weekend_midday,6,severe,2.277793098486334,0.0,111.63593270984586,104.54472591067821,101.41488321777328,101.41488321777328,9.155698567627162,2.9937834411455926,2.732733562621878,18.639847425990403,17.248062369706336,16.194335238671567,134.08065980115035,125.68627112027087,120.17344540185461,120.1734454018546,4.386179707042919,0.65,0.0,0.35,0.65,0.008589102153317795,0.1330150201381189
1,weekend_evening,7,mild,3.106711987219543,0.2586533025923928,120.68705443102786,120.16584168011254,116.10571042842332,116.62569639447669,3.7960525461517145,3.3787731978755535,3.3400080440556525,6.960897979052343,6.855527073904759,6.3881734535003885,129.03871893739893,128.87704852291498,123.70917477958771,125.32700785981636,4.009925586097194,0.93,0.0,0.07,0.93,0.0046518656267428,0.03886858785318912
1,weekend_evening,7,moderate,3.106711987219543,0.2586533025923928,121.39102691823189,121.03800862872187,116.71917156828516,117.73796334234736,3.848600237226474,3.568165991299912,3.434960873424382,13.231191751155455,13.370306055388049,12.216025561001679,137.31657793304106,137.7266201693362,130.6892730649729,133.34407723252457,5.109649170008543,0.83,0.0,0.17,0.83,0.0093037312534856,0.07773717570637824
1,weekend_evening,7,severe,3.106711987219543,0.2586533025923928,122.38783942284122,122.2384129608775,117.56218793122277,119.25697432536909,3.942917461714622,3.8254955348212514,3.460911790834876,20.426113385065175,21.042416035168817,18.88673539258311,147.00427288115662,148.48677090483739,139.43770697684766,143.8559151601687,6.094188642427351,0.74,0.0,0.26,0.74,0.013955596880228396,0.11660576355956734
2,weekday_midday,8,mild,1.0718602756340856,0.0,163.55372422641548,117.51153202794443,116.35488870735489,116.35488870735489,28.858306799373718,0.9842806919702879,0.9138710225439304,8.014738534647924,6.078188222058019,5.885048271621156,174.07811146233803,124.65634102854636,123.86922303487057,123.86922303487056,0.6314303686288547,0.63,0.0,0.37,0.63,-0.000148235905671342,0.03723454620527147
2,weekday_midday,8,moderate,1.0718602756340856,0.0,163.3955400581072,117.22561492696339,116.12271510906353,116.12271510906353,28.931527098127873,0.9408351737689817,0.746977531802861,15.592405283239348,11.355109156015043,11.000908884042145,183.8804026858797,130.88015544801593,130.26207929726306,130.26207929726306,0.4722458868092976,0.6,0.0,0.4,0.6,-0.000296471811342684,0.07446909241054293
2,weekday_midday,8,severe,1.0718602756340856,0.0,163.47303752855086,117.16953697739233,116.06387179552344,116.06387179552344,29.001214175608208,0.9436456014008339,0.48099840191764337,23.900061611317437,17.26915063512417,16.6190664992649,194.80411529786747,138.34028235901596,137.05628541411508,137.05628541411508,0.9281439382700498,0.59,0.0,0.41,0.59,-0.00044470771701402137,0.11170363861581438
2,weekday_rush,9,mild,1.1929626313383237,0.0,213.32805725965932,151.7564153162167,149.30824207909592,149.30824207909592,30.0100305618213,1.6132255312037356,1.5518298032248454,13.106279329509833,9.522687073433818,9.031007465757513,228.5885046086171,162.89626259360642,160.2473245888075,160.24732458880746,1.626150264360273,0.7,0.0,0.3,0.7,0.0051976398415741944,0.04293695733292638
2,weekday_rush,9,moderate,1.1929626313383237,0.0,215.11711308734738,153.23977471364077,150.28079996565603,150.28079996565603,30.140007083195115,1.9309443344681092,1.7466792173063876,27.540031174593253,19.4880080190643,18.383114587376504,246.34545497963327,175.58877592002415,171.6253772929468,171.6253772929468,2.257204998617086,0.66,0.0,0.34,0.66,0.010395279683148389,0.08587391466585276
2,weekday_rush,9,severe,1.1929626313383237,0.0,217.40218045758655,155.15756351767087,151.60029630141244,151.60029630141244,30.267352433022875,2.292680508516291,1.84010700217516,44.3466000667485,31.171517113019554,29.118554897603637,268.0049239957364,190.79948154291583,185.2518274154846,185.2518274154846,2.907583439205214,0.65,0.0,0.35,0.65,0.015592919524722587,0.12881087199877914
2,weekend_midday,10,mild,1.2817387339813278e-14,0.0,158.5706560701932,110.73476194740209,110.73476194740209,110.7347619474021,30.166927039524875,0.0,5.729042131681391e-16,9.380513230182876,6.755986973345211,6.755986973345211,170.12891276876488,119.64877919885724,119.64877919885721,119.64877919885721,2.375428284409563e-14,0.0,1.0,0.0,,0.0006323691963181798,0.04540428514677715
2,weekend_midday,10,moderate,1.2817387339813278e-14,0.0,158.9268985961161,110.75086268604919,110.75086268604919,110.75086268604919,30.31333042778213,0.0,7.428577129593136e-16,18.069006591860354,12.528296874876359,12.528296874876359,183.37968981203133,126.42997581398232,126.42997581398232,126.42997581398232,0.0,0.0,1.0,0.0,,0.0012647383926363597,0.0908085702935543
2,weekend_midday,10,severe,1.2817387339813278e-14,0.0,159.6775985291045,111.1116187765029,111.1116187765029,111.1116187765029,30.415023898139015,0.0,-1.28899395836407e-16,27.526537324673566,18.762704095609415,18.76270409560941,197.23354548005094,134.48161214437926,134.48161214437926,134.48161214437928,0.0,0.0,1.0,0.0,,0.0018971075889545421,0.13621285544033143
2,weekend_evening,11,mild,0.0,0.5451245622394694,190.31693543298977,143.62381968092276,143.62381968092276,142.71055211288365,24.534398710149237,0.0,1.1055335619638812e-15,10.625018237806518,8.956613519924845,8.956613519924845,204.83673890267397,155.59065461073953,155.59065461073953,152.9457488500877,0.0,0.0,1.0,0.0,,-0.0028542375961659997,0.04040780835801005
2,weekend_evening,11,moderate,0.0,0.5451245622394694,189.61690567904282,143.26107512323102,143.26107512323102,142.29804540752383,24.44709789446544,0.0,-1.0022711402362246e-16,21.737148418710028,17.949960604220713,17.949960604220713,219.46329508668148,165.84289513247572,165.84289513247572,163.92070017768555,0.0,0.0,1.0,0.0,,-0.0057084751923319995,0.0808156167160201
2,weekend_evening,11,severe,0.0,0.5451245622394694,189.1838673111716,143.23601129853765,143.23601129853765,142.1670061501546,24.2874070953727,0.0,-7.657713287171403e-16,33.98981525021285,28.026903605404577,28.026903605404577,236.72604569120983,179.7061860707088,179.7061860707088,176.48223679984616,0.0,0.0,1.0,0.0,,-0.008562712788498003,0.12122342507403015
3,weekday_midday,12,mild,0.0702193724649144,0.3812115334846088,136.52904708317038,121.73562712243744,120.92876938969508,120.79751317965928,11.426343350929544,0.662795068144553,0.6405453532651799,7.333088796612036,6.983852563297986,7.384051120072267,145.8968590507249,131.2740603864119,129.43661605708496,130.2941021990982,1.3997009949401404,0.54,0.0,0.46,0.54,0.003371442063532356,0.04382067571445476
3,weekday_midday,12,moderate,0.0702193724649144,0.3812115334846088,136.95183685812876,122.49609127975147,121.28229690843162,121.38321420393913,11.441642776890637,0.9908841650692646,0.9418784639852689,14.519687113695138,13.601058497095202,14.153437853293152,155.97347353356903,141.32514671316363,136.80221237555946,138.81348895628628,3.200374768960267,0.54,0.0,0.46,0.54,0.006742884127064712,0.08764135142890953
3,weekday_midday,12,severe,0.0702193724649144,0.3812115334846088,137.6281602486916,123.55525078706034,121.8466929260824,122.21557429518873,11.466742920992596,1.3828290178638696,1.2783372452232102,22.51940399150784,21.058237745341906,21.78966761910496,167.23375895603917,152.68083029681975,145.80409258373393,148.89968419202376,4.503995491586644,0.54,0.0,0.46,0.54,0.010114326190597066,0.1314620271433643
3,weekday_rush,13,mild,-0.1869273790335648,0.1869273790335648,167.69711763516122,148.80756209739192,149.62973240163254,148.80756209739192,10.773819781945063,-0.5525057279700065,-0.6073470645528972,9.901218796484489,8.933984041979915,8.359918781825153,180.67419863112198,159.55486802648028,160.22832808002235,159.55486802648025,-0.42208681055742076,0.4,0.0,0.6,0.4,0.006231054974063993,0.03844861870007139
3,weekday_rush,13,moderate,-0.1869273790335648,0.1869273790335648,169.16552492142145,150.09020583666324,151.20955261672964,150.09020583666324,10.61443950416758,-0.745782693698569,-0.9237061848112316,20.39126802116731,18.19217522911789,17.21091334287754,197.4458797189898,173.26079247177535,174.45958449658843,173.26079247177537,-0.6919003472804582,0.42,0.0,0.58,0.42,0.012462109948127987,0.07689723740014277
3,weekday_rush,13,severe,-0.1869273790335648,0.1869273790335648,170.9871489256666,151.63733428282762,153.1916418194787,151.63733428282762,10.407511452175951,-1.0250163945457105,-1.5309447432815402,32.76403297226525,29.203972947300795,27.568472093223093,217.45232400605454,189.57522045101015,189.85021374787505,189.5752204510101,-0.1450576168186261,0.44,0.0,0.56,0.44,0.01869316492219198,0.11534585610021414
3,weekend_midday,14,mild,-1.0180212187560644,1.0180212187560644,124.264650853472,104.73313704903732,105.74429979455664,104.73313704903732,14.90395774801141,-0.9654659203475169,-0.9919656353543854,6.7140891812402455,5.738633090377805,5.933401646825099,133.34190585429755,111.47641432340136,113.5684329460923,111.47641432340136,-1.8766468543039447,0.38,0.0,0.62,0.38,0.00379078072600106,0.04092430004926971
3,weekend_midday,14,moderate,-1.0180212187560644,1.0180212187560644,125.12159024411318,105.25983886038962,106.2681314738346,105.25983886038962,15.068109934900392,-0.9579081864093659,-1.0361938810434825,12.611597478026987,10.520535948249574,10.66379503879654,141.19583605277762,117.86519829766696,120.62227129092193,117.86519829766696,-2.339174780236669,0.4,0.0,0.6,0.4,0.00758156145200212,0.08184860009853942
3,weekend_midday,14,severe,-1.0180212187560644,1.0180212187560644,126.31627057550759,106.0723521251744,107.09142445743245,106.0723521251744,15.21961187619387,-0.9607332276892059,-1.1478155296969064,19.037873972708383,15.657719421791551,15.781823075021512,150.83545366807095,125.10699462175161,128.31793250167524,125.10699462175161,-2.566553444618809,0.43,0.0,0.57,0.43,0.011372342178003177,0.12277290014780913
3,weekend_evening,15,mild,8.154374526641442,0.0,139.34043829667317,132.80045269347048,122.29241008888559,122.29241008888559,12.234803059460889,7.912655711226763,7.885657049969211,8.06319068278566,7.4388619575121435,6.827675473420095,148.69590337393268,142.4378408595155,130.29591827903417,130.29591827903417,8.524365791571311,1.0,0.0,0.0,1.0,-0.008801417322623396,0.03803667668324857
3,weekend_evening,15,moderate,8.154374526641442,0.0,137.8068192695312,131.04670108698792,121.03770394346208,121.03770394346208,12.168567139824212,7.637733007015522,7.512338223725981,15.554131542476657,14.86993523339908,13.12376047377485,157.42362283224995,149.24875830263164,137.83514295375696,137.83514295375696,7.6473770895509245,0.95,0.0,0.05,0.95,-0.01760283464524679,0.07607335336649713
3,weekend_evening,15,severe,8.154374526641442,0.0,136.36488999533012,129.25835844090273,119.89805472421587,119.89805472421587,12.075568184507143,7.241546178977984,6.8491275141056756,24.072124227603123,23.472692557976877,20.25711731400964,167.27165628706302,158.6060621157095,146.52714339033008,146.52714339033008,7.615672796016691,0.89,0.0,0.11,0.89,-0.026404251967870187,0.11411003004974568
4,weekday_midday,16,mild,3.962141196803683,0.0,159.69113404495485,127.48493595895201,122.44075811541428,122.44075811541428,23.32651474505414,3.956685396274478,3.8974854805124517,8.430780574966644,7.191612405250451,7.13054118902097,170.53953604143086,136.06877353616966,131.9273967811288,131.9273967811288,3.0435908602791923,0.86,0.0,0.14,0.86,-0.008319475864370051,0.037029449561946634
4,weekday_midday,16,moderate,3.962141196803683,0.0,158.33694439222225,126.21435477318227,121.2783954121573,121.2783954121573,23.404865568370365,3.910774943068324,3.7354634016298496,16.722554070378695,13.623123464862795,13.321210227874147,180.50498656303748,143.16529630162006,137.81905524561589,137.81905524561589,3.734313548124635,0.74,0.0,0.26,0.74,-0.016638951728740102,0.07405889912389327
4,weekday_midday,16,severe,3.962141196803683,0.0,156.92335065888216,124.87851256454005,120.1111727943255,120.11117279432553,23.458699874806058,3.817582122265172,3.3353497479396315,26.291003096928176,21.133256440800405,20.407559704543715,191.7379728534033,151.34105391540126,145.22934589552182,145.22934589552182,4.038367555769668,0.64,0.0,0.36,0.64,-0.02495842759311015,0.11108834868583989
4,weekday_rush,17,mild,1.479372463143056,0.0,187.97388909754048,157.10011360429667,154.42035628410767,154.42035628410767,17.850102998093387,1.7057640880761953,1.6794972960471068,10.045006097147356,8.891510240873789,8.844291700735301,200.53156967368463,167.8442343355255,165.0275170167177,165.0275170167177,1.6781734147490013,0.72,0.0,0.28,0.72,0.00015689254128495,0.0382465506006307
4,weekday_rush,17,moderate,1.479372463143056,0.0,188.15908745484725,157.5628004425875,154.60130735663412,154.60130735663412,17.834791054812076,1.879563626461744,1.7974810594446928,21.419402378503253,18.40513078652937,18.1034703154576,213.14338499820207,180.8579169010228,175.45397184420847,175.45397184420847,2.9879505135358415,0.63,0.0,0.37,0.63,0.0003137850825699,0.0764931012012614
4,weekday_rush,17,severe,1.479372463143056,0.0,188.465139841342,158.1629609446457,154.8740581777492,154.8740581777492,17.823498654377786,2.0794392993487087,1.876210009649178,34.93363551084465,29.878684362805224,29.222254043678927,228.33535255609493,196.01522041548517,189.85459529660162,189.85459529660162,3.1429320161083116,0.61,0.0,0.39,0.61,0.0004706776238548485,0.11473965180189212
4,weekend_midday,18,mild,2.985165574806648,0.0,137.90809334260862,113.166375657928,110.04805757257243,110.04805757257243,20.20188597693305,2.755516439601652,2.712714006370498,7.736603517779534,6.56309363326007,6.465988390272689,148.91936053037662,121.60562484226163,117.75141381827464,117.75141381827464,3.169434825886061,0.79,0.0,0.21,0.79,0.005819063229171699,0.04308119218996043
4,weekend_midday,18,moderate,2.985165574806648,0.0,138.26074195305515,113.70549451091514,110.74711437388056,110.74711437388056,19.899811899256637,2.6017917161871114,2.4895234836273166,14.828599122641263,12.309265634977983,12.035591228456973,158.9876641310085,129.5487412175172,125.04755176534108,125.04755176534108,3.474514232923695,0.65,0.0,0.35,0.65,0.011638126458343398,0.08616238437992085
4,weekend_midday,18,severe,2.985165574806648,0.0,138.63117031288462,114.33187855970007,111.56404475118947,111.56404475118947,19.524559664760677,2.4208766998132867,2.1385670080271173,22.53368037173567,18.60941756590088,18.001363134211754,170.19064844558474,138.36763079083437,133.05878074926784,133.05878074926784,3.836771657665901,0.62,0.0,0.38,0.62,0.0174571896875151,0.12924357656988125
4,weekend_evening,19,mild,2.161540875249365,0.0,161.5208841900796,133.72231667825736,130.14733935045,130.14733935045,19.423831783083145,2.6734335873113255,2.6488280868059637,8.501629348137111,6.81522746357287,6.9758211179200655,173.84463915568472,141.26569360229018,137.09456175891782,137.09456175891782,2.952685635845519,0.83,0.0,0.17,0.83,0.001960394671017301,0.0373395387406424
4,weekend_evening,19,moderate,2.161540875249365,0.0,161.86138797020882,134.1679083450595,130.1237693482682,130.1237693482682,19.60789970970843,3.0142371947771327,2.9493239040799994,16.938022269491807,13.494851355043854,13.641327762868125,184.61828819268084,150.1534303450352,144.87342259281144,144.87342259281144,3.5164083431799766,0.74,0.0,0.26,0.74,0.003920789342034602,0.0746790774812848
4,weekend_evening,19,severe,2.161540875249365,0.0,162.32644723820513,134.70501945901898,130.07794968042282,130.07794968042282,19.86644696933422,3.4349646339673696,3.271892887369207,26.609591226407403,21.207675336671688,21.279889202998035,197.32809127969674,159.47909256824428,153.5032589451866,153.5032589451866,3.7470953256775763,0.71,0.0,0.29,0.71,0.005881184013051901,0.1120186162219272
5,weekday_midday,20,mild,-0.3042375551130808,0.3042375551130808,157.56031423663933,131.36392146502538,130.95136541944055,131.36392146502538,16.888103420024212,0.3140558236872334,0.2847131291970834,6.834223963737592,6.233807223968232,7.034070015713645,166.8338925277197,138.00964599308566,138.18853906661067,138.00964599308563,-0.12962360147926197,0.57,0.0,0.43,0.57,0.0019434390739544824,0.03643383950796344
5,weekday_midday,20,moderate,-0.3042375551130808,0.3042375551130808,157.91120448319944,132.03132836666828,131.0660520794189,132.03132836666828,17.000156823347297,0.7310963990066571,0.6629311188463576,13.186326254969105,11.880590116111605,13.084676915170682,176.56621598226224,146.379873886281,144.4553024467696,146.379873886281,1.3147787249813794,0.6,0.0,0.4,0.6,0.003886878147908965,0.07286767901592688
5,weekday_midday,20,severe,-0.3042375551130808,0.3042375551130808,158.4067014368504,132.9340727267857,131.28813803631428,132.9340727267857,17.11958089812701,1.2381586275884644,1.1013000135442947,20.053048756611766,18.12555457584263,19.917915813251046,187.00390500752945,154.78388862026284,152.010999246694,154.78388862026281,1.7914586578010483,0.61,0.0,0.39,0.61,0.005830317221863448,0.1093015185238903
5,weekday_rush,21,mild,0.0,0.0,211.62599447618274,159.85309960614032,159.85309960614032,159.85309960614032,24.46433624479395,0.0,1.601314887406619e-15,11.230218330303675,8.73816565054974,8.73816565054974,223.97970160837332,171.0675367190723,171.0675367190723,171.0675367190723,0.0,0.0,1.0,0.0,,0.00571328376521325,0.03889611178530089
5,weekday_rush,21,moderate,0.0,0.0,214.11697723314887,161.90115611318635,161.90115611318632,161.90115611318635,24.38658615244017,1.7554976204452904e-14,-4.930623221785468e-16,23.720132069012916,17.592618361510805,17.592618361510805,240.90062363438733,184.3827997035294,184.3827997035294,184.3827997035294,0.0,0.0,1.0,0.0,,0.0114265675304265,0.07779222357060178
5,weekday_rush,21,severe,0.0,0.0,217.1774979287993,164.4383126074476,164.4383126074476,164.4383126074476,24.283908703397074,0.0,3.089649431928501e-16,38.47125845959196,27.978291093884167,27.978291093884167,261.04932752300795,199.26085813794722,199.26085813794722,199.2608581379472,0.0,0.0,1.0,0.0,,0.017139851295639753,0.11668833535590267
5,weekend_midday,22,mild,4.901877363845844,0.0,151.39419785651532,127.33380720766783,120.98632176299184,120.98632176299184,20.08523214498796,4.9849176615947135,4.8853897572248925,7.998857862134985,7.691814750402756,6.514206863374809,160.55336394265404,135.0564683347803,129.23563966817008,129.23563966817005,4.309922166912772,0.93,0.0,0.07,0.93,0.004036007526533829,0.04374942616077894
5,weekend_midday,22,moderate,4.901877363845844,0.0,152.6778478717145,128.5258521524608,121.97761868567301,121.97761868567301,20.10784774215376,5.094876522600374,4.78494061961278,15.193465768145092,14.44548940229592,12.15274416961144,168.70159457786258,142.8208654515212,136.37204991462042,136.37204991462042,4.515317503862734,0.8,0.0,0.2,0.8,0.008072015053067658,0.08749885232155788
5,weekend_midday,22,severe,4.901877363845844,0.0,154.40807740254724,130.18184291773787,123.41413314966489,123.41413314966489,20.072747989782975,5.198658750244843,4.451465212311668,22.79741827776401,21.844479094841734,18.160603059156337,178.24292077524456,151.84142639093218,144.79579818715922,144.7957981871592,4.640122508881885,0.72,0.0,0.28,0.72,0.01210802257960149,0.1312482784823368
5,weekend_evening,23,mild,4.259980743578414,1.2071635252512047,200.0028540726636,157.810145251593,151.5046474031902,149.83672063002587,24.248757296160075,3.995622612443643,3.9614927309839003,11.213090803625766,8.745688466598855,8.112566996901009,214.5725540895778,169.66330958349872,163.083464469426,161.0697478430223,3.8781779809820915,0.96,0.0,0.04,0.96,0.0027317940475386692,0.039532502742026736
5,weekend_evening,23,moderate,4.259980743578414,1.2071635252512047,200.39243100775377,158.41493403877118,152.31575091629958,150.6734875632002,23.991265463311816,3.8501314030019795,3.7189673279052506,23.013218868703984,17.636788872743725,16.074938244656117,229.68289262874498,183.99064152319733,174.83059074045426,172.39826135106276,4.978541683919387,0.83,0.0,0.17,0.83,0.0054635880950773385,0.07906500548405347
5,weekend_evening,23,severe,4.259980743578414,1.2071635252512047,201.13562723545897,159.33499104636553,153.49203379870156,151.96542732715426,23.687297020225834,3.6670898270949848,3.2905960449700524,36.59733416373517,27.942334507174195,25.051121650393075,246.72257948632327,199.75662035722934,189.02087783795088,186.43621406435977,5.374411371237402,0.74,0.0,0.26,0.74,0.008195382142616009,0.11859750822608019
6,weekday_midday,24,mild,1.6649291112267723,0.0,146.5916118323902,127.74338844604198,125.68050590370564,125.68050590370564,14.264872094178143,1.6148644305045097,1.5445218177455466,7.826968217991824,6.934876126309023,6.307655075608171,155.43015663629797,136.7706491691174,133.47527074593938,133.47527074593938,2.4094193039204446,0.71,0.0,0.29,0.71,-0.007341902248849239,0.03458806672181197
6,weekday_midday,24,moderate,1.6649291112267723,0.0,145.13243410758045,127.02660967490168,125.08384608494009,125.08384608494009,13.813995573022087,1.5294146596006049,1.2982793593471065,15.191415134206828,12.963253143569117,11.630327809403376,162.4054677744073,144.27934977211302,140.77993592106498,140.77993592106498,2.425443319903587,0.59,0.0,0.41,0.59,-0.014683804497698478,0.06917613344362394
6,weekday_midday,24,severe,1.6649291112267723,0.0,143.75705249463002,126.5679339441351,124.80183285783862,124.80183285783862,13.185592851174702,1.3953779849768375,0.804360671840414,23.442409111346176,19.77140228988701,17.46374779790772,170.59134696233414,152.6115280405532,148.73231975499252,148.73231975499252,2.5418841783235826,0.55,0.0,0.45,0.55,-0.022025706746547708,0.10376420016543592
6,weekday_rush,25,mild,0.0,0.0,195.7929773730303,173.84112820334303,173.84112820334303,173.84112820334303,11.211765337152004,0.0,0.0,11.28831837413656,9.693179696421803,9.693179696421803,210.2643494086083,186.44106536540707,186.44106536540707,186.44106536540707,0.0,0.0,1.0,0.0,,0.00031993198876178075,0.03643806973328854
6,weekday_rush,25,moderate,0.0,0.0,195.10636455106993,173.46225304204535,173.46225304204535,173.46225304204535,11.093493315211225,0.0,0.0,23.91431778594828,20.225266174440502,20.225266174440502,224.2330777669146,198.76611733657086,198.76611733657086,198.76611733657086,0.0,0.0,1.0,0.0,,0.0006398639775235615,0.07287613946657708
6,weekday_rush,25,severe,0.0,0.0,194.55642559840274,173.27552030037404,173.27552030037404,173.27552030037404,10.93816625823301,0.0,0.0,39.02745411662032,32.716327917437525,32.716327917437525,243.4005418123361,214.22372331581786,214.22372331581786,214.22372331581786,0.0,0.0,1.0,0.0,,0.0009597959662853428,0.10931420919986562
6,weekend_midday,26,mild,0.0,0.0,128.25983643378396,115.7987793514276,115.7987793514276,115.7987793514276,9.715478694524585,0.0,0.0,5.8827528711422605,6.09500584184538,6.09500584184538,136.25961620386644,123.39542449788291,123.39542449788291,123.39542449788291,0.0,0.0,1.0,0.0,,0.0007569151455922401,0.038607951511757846
6,weekend_midday,26,moderate,0.0,0.0,129.01922262798237,116.13201093903582,116.13201093903582,116.13201093903582,9.988598153397572,0.0,0.0,11.142545487689242,11.223845040675723,11.223845040675723,144.00330531963584,129.68336867006687,129.68336867006687,129.68336867006687,0.0,0.0,1.0,0.0,,0.0015138302911844803,0.07721590302351569
6,weekend_midday,26,severe,0.0,0.0,130.26589026523976,116.83738999703768,116.83738999703768,116.83738999703768,10.30853145121855,0.0,0.0,16.81153863620632,16.72764610297826,16.72764610297826,152.51865627187667,136.81182809823906,136.81182809823906,136.81182809823906,0.0,0.0,1.0,0.0,,0.0022707454367767188,0.11582385453527352
6,weekend_evening,27,mild,4.0241047202602,0.0,157.74605934783042,144.85506175140188,139.61532252566911,139.61532252566911,11.493622659811106,3.617228947598066,3.587256598103878,9.589246840686599,8.398206907501471,7.909207243697839,171.64655594940226,154.46600727711302,148.81799940933203,148.81799940933203,3.6564730113392696,0.97,0.0,0.03,0.97,-0.0016480532702686749,0.04224929610252016
6,weekend_evening,27,moderate,4.0241047202602,0.0,156.94643763785314,143.8877143482846,139.11871051191682,139.11871051191682,11.359115500966642,3.3143926553897813,3.178431906895073,19.408637820899497,16.99207278417854,15.673693973827367,185.30404069284623,163.95425151807743,157.32971717926446,157.32971717926446,4.040477314540727,0.78,0.0,0.22,0.78,-0.0032961065405373497,0.08449859220504032
6,weekend_evening,27,severe,4.0241047202602,0.0,156.2443008573755,142.9557775817727,138.76472638109234,138.76472638109234,11.187335717441004,2.9317116604699818,2.5160959461280443,30.5866636185042,26.75851260684784,24.361857409099404,200.16873067190417,174.8584576446503,167.23986416587098,167.23986416587098,4.357005992962555,0.67,0.0,0.33,0.67,-0.0049441598108060205,0.12674788830756048
7,weekday_midday,28,mild,1.253234746861133,0.0,122.57234882694995,108.7006751716332,107.10170998836455,107.10170998836455,12.621638556039382,1.4709799922989957,1.4492713603335055,7.07922947087211,6.4146686513435585,6.279324548977891,131.39505478686306,117.0117115370959,114.23821880122411,114.23821880122411,2.3702693511944104,0.77,0.0,0.23,0.77,0.0008077000994700101,0.042031650571853735
7,weekday_midday,28,moderate,1.253234746861133,0.0,122.9119192315494,109.30177317282909,107.52086982153813,107.52086982153813,12.522015363714747,1.6293453432589575,1.5654070987259816,13.474716140822059,12.237033005002337,11.862548110027108,139.75552630410556,125.13945793393613,121.16000745927288,121.16000745927288,3.180012555883127,0.71,0.0,0.29,0.71,0.0016154001989400202,0.08406330114370747
7,weekday_midday,28,severe,1.253234746861133,0.0,123.55640087192816,110.38970871626643,108.2821834796316,108.2821834796316,12.362141730017683,1.909168219704048,1.7623792838752863,20.560404882843628,18.738146952386785,18.078723209790002,149.59075638146305,135.15633814712032,129.3396476150482,129.3396476150482,4.303675737160435,0.66,0.0,0.34,0.66,0.0024231002984100303,0.1260949517155612
7,weekday_rush,29,mild,1.5894113267015353,0.0,158.74334437730596,135.7855830978278,133.47867193060202,133.478671930602,15.91542155408677,1.6989367461520264,1.603560926601418,9.569134985986965,8.513706096398659,7.748006866558298,170.9120833467948,146.43609028414284,144.3393711919199,144.3393711919199,1.4318321993946246,0.72,0.0,0.28,0.72,0.007703303260639786,0.040335260678008
7,weekday_rush,29,moderate,1.5894113267015353,0.0,160.63549607593657,137.60020490996746,135.0331632369136,135.0331632369136,15.938154059623342,1.8655798330631075,1.5639517806590049,19.53583281650244,16.993870528858235,15.399234072511602,187.06833177264457,158.90529201466825,157.09270072478867,157.09270072478867,1.1406739617660189,0.66,0.0,0.34,0.66,0.015406606521279571,0.080670521356016
7,weekday_rush,29,severe,1.5894113267015353,0.0,163.00194883637346,139.96247362759613,137.01366208772833,137.01366208772833,15.943543579796701,2.1068586910758764,1.3515727971526161,31.20789984023536,26.97123354809791,24.28402725495779,205.80015088314448,173.6476689356727,170.6003083500321,170.6003083500321,1.7549101605098367,0.64,0.0,0.36,0.64,0.023109909781919354,0.12100578203402401
7,weekend_midday,30,mild,-1.149035136948054,1.149035136948054,111.48390525455507,95.2753864838609,96.44801424497,95.2753864838609,13.487050866448481,-1.2307772283954306,-1.2749905028223099,6.353494349627193,5.70247732051794,5.515192926531974,118.39942844316086,101.70794210897921,103.74096017650447,101.70794210897921,-1.9988783819329468,0.3,0.0,0.7,0.3,-0.002368217316144026,0.0406792533441097
7,weekend_midday,30,moderate,-1.149035136948054,1.149035136948054,110.91328906713623,94.65424090126866,95.8601554082079,94.65424090126866,13.571983831276171,-1.274020577902151,-1.3959763401111291,11.573724913980671,10.218260983638464,9.897415468296963,123.71362051546755,107.40961843703819,108.87954382567347,107.40961843703819,-1.3685230522412868,0.37,0.0,0.63,0.37,-0.004736434632288052,0.0813585066882194
7,weekend_midday,30,severe,-1.149035136948054,1.149035136948054,110.53066826790318,94.27646738874707,95.4572787508669,94.27646738874707,13.6372915800179,-1.252498523571942,-1.5273305461285347,17.223645641754395,15.098594708097805,14.652961524839112,129.779670448165,113.07348954986826,114.73223808380097,113.07348954986826,-1.4669650158812504,0.42,0.0,0.58,0.42,-0.007104651948432075,0.12203776003232909
7,weekend_evening,31,mild,0.9953390186961308,0.0,144.01280339129482,116.05646241721215,115.14606971022488,115.14606971022491,20.04456062329168,0.7844394771525001,0.7649916928639029,8.127844881960877,6.107734136754577,6.0595703950710975,156.1333342920858,124.4414050992008,123.53567405999313,123.53567405999313,0.727837361275088,0.68,0.0,0.32,0.68,0.002063832626531973,0.03774800610341425
7,weekend_evening,31,moderate,0.9953390186961308,0.0,144.28607115184346,116.19735063178777,115.42895817230252,115.42895817230252,19.99992982633255,0.6612822541196982,0.6018002803104167,16.10536374611829,11.81340418095641,11.607516572296593,168.71110838494295,132.899017067644,130.91441045725276,130.91441045725276,1.4933192541078752,0.64,0.0,0.36,0.64,0.004127665253063946,0.0754960122068285
7,weekend_evening,31,severe,0.9953390186961308,0.0,144.88370682807897,116.67765627742355,116.05628561755657,116.05628561755657,19.89693792465527,0.5325532580030189,0.3835564207337883,25.232976803236863,18.277429329514508,17.885822845746908,182.94313130224091,142.61679025219163,140.1477992855451,140.14779928554506,1.7312063763884926,0.59,0.0,0.41,0.59,0.006191497879595917,0.11324401831024274
8,weekday_midday,32,mild,-1.0322041946754967,1.3455221171250162,170.80730003633255,132.7148438978772,134.69684961471242,132.27434010712946,21.14104632175501,-1.4934318261794188,-1.5306996088762028,9.00065878866811,7.132428283116187,7.228381760849377,181.86552643973144,141.27528597966685,145.32656182234274,140.23596039168436,-2.8676465346238795,0.26,0.0,0.74,0.26,-0.0020036868770586143,0.03981628116721438
8,weekday_midday,32,moderate,-1.0322041946754967,1.3455221171250162,170.6643372212943,132.07740070592683,134.38134458982245,131.63024174866123,21.259856172777912,-1.7443891775440021,-1.84623249559578,17.454710934509194,13.908774519900462,14.123618809549555,192.19178602990422,148.45551937138526,153.4253640520362,147.2803987154951,-3.3476995006282486,0.31,0.0,0.69,0.31,-0.004007373754117229,0.07963256233442877
8,weekday_midday,32,severe,-1.0322041946754967,1.3455221171250162,170.64956769445828,131.44216040947998,134.08772561062978,130.97238056561903,21.425100911647856,-2.01272194013557,-2.273707563445841,26.766656234663202,21.616138630356396,21.938458432398225,203.81734129003667,156.2880227353492,163.73983562420162,155.09217816405777,-4.767999977497304,0.34,0.0,0.66,0.34,-0.006011060631175843,0.11944884350164316
8,weekday_rush,33,mild,2.5371036431708247,0.0,229.2953603263368,154.65460004161008,150.45974141893726,150.45974141893726,34.38168953580196,2.712404688605571,2.702664901031749,12.307300282256643,7.708284318592192,7.637843984806483,244.78457438463752,164.9548165715919,160.04939722461455,160.04939722461455,2.973795763549798,0.92,0.0,0.08,0.92,0.0002727747698781955,0.03705202654435508
8,weekday_rush,33,moderate,2.5371036431708247,0.0,229.36354496849876,154.69746945092768,150.3443323132878,150.3443323132878,34.451513498391215,2.8139679033474883,2.7773894962043557,26.41912185220758,16.005012746762002,15.537703223225064,263.34819414435333,176.77348718961028,170.81231816335392,170.81231816335392,3.3722076319410412,0.86,0.0,0.14,0.86,0.000545549539756391,0.07410405308871015
8,weekday_rush,33,severe,2.5371036431708247,0.0,229.4583369240159,154.89694599997298,150.3262190654642,150.3262190654642,34.486486269947974,2.9508179809494726,2.848533272403405,43.08447018724251,25.610376838704894,24.636995755034924,285.1386389953227,189.38808463566,182.04169488822544,182.04169488822544,3.8790136990758186,0.77,0.0,0.23,0.77,0.0008183243096345831,0.11115607963306523
8,weekend_midday,34,mild,0.0,0.0,171.21994675867816,114.60464466554859,114.60464466554859,114.60464466554859,33.06583325418542,0.0,0.0,8.558070052746382,4.993627518694039,4.993627518694039,181.82502408630387,120.98065884032565,120.98065884032565,120.98065884032565,0.0,0.0,1.0,0.0,,-0.0014193106565876384,0.038012113608869316
8,weekend_midday,34,moderate,0.0,0.0,171.27568029345304,114.4338521656668,114.4338521656668,114.4338521656668,33.18733169262384,0.0,0.0,16.537133878139205,9.38204558170823,9.38204558170823,191.03052586523114,126.58672020668384,126.58672020668384,126.58672020668384,0.0,0.0,1.0,0.0,,-0.002838621313175277,0.07602422721773863
8,weekend_midday,34,severe,0.0,0.0,171.48465298507287,114.42808137385732,114.42808137385732,114.42808137385732,33.272115386431764,0.0,0.0,25.299461660537606,14.089245086147665,14.089245086147665,201.92746219962612,132.65647813700716,132.65647813700716,132.65647813700716,0.0,0.0,1.0,0.0,,-0.0042579319697629145,0.11403634082660796
8,weekend_evening,35,mild,2.1077511303017302,0.0,207.67085444601696,145.9204248721078,142.6301551581923,142.6301551581923,31.319127309090778,2.254838359194226,2.2133759027913937,11.25784362570098,7.577809006675242,7.1738196550944915,220.8731480166527,155.1154536293244,150.2713152874911,150.2713152874911,3.1229243950181993,0.82,0.0,0.18,0.82,-0.0021045250890391674,0.037064174997250586
8,weekend_evening,35,moderate,2.1077511303017302,0.0,207.41475008949755,145.91061699529834,142.47229002907244,142.47229002907244,31.31043478460574,2.356461124646395,2.204275882135833,22.99779922399199,15.156918451405716,14.015796269549632,235.49545720809783,164.55766446702862,158.82431829566113,158.82431829566113,3.484095493173605,0.75,0.0,0.25,0.75,-0.004209050178078335,0.07412834999450117
8,weekend_evening,35,severe,2.1077511303017302,0.0,207.22769188615598,146.05173141702002,142.43119861125226,142.43119861125226,31.26825989573863,2.4789386408779337,2.0318983420651073,36.709865237074496,23.986781093896504,21.81818168383761,253.77810740843103,175.69787971921326,167.9442490552289,167.9442490552289,4.413047372213942,0.66,0.0,0.34,0.66,-0.006313575267117503,0.11119252499175175
9,weekday_midday,36,mild,2.292615025021556,0.610594098742423,146.59768973911952,142.60946638807255,140.08045406576443,138.19005634865343,4.445660559148612,1.7733832026452623,1.749519562464835,8.000109817499013,7.331803007483968,6.936305374926535,157.41803704244867,153.48696757953442,150.41643846170422,146.0082637167274,2.000514549379645,0.87,0.0,0.13,0.87,-0.004549822049924094,0.040115196224076846
9,weekday_midday,36,moderate,2.292615025021556,0.610594098742423,145.87168393605438,141.6588045014977,139.7106781444245,137.2383642953254,4.223578987633188,1.3752243384579912,1.2938924656513537,15.437759949212245,14.438731184843526,13.635920123553477,167.5228130022934,161.5945015943351,159.84972759173033,153.05998377728045,1.0797236201667497,0.7,0.0,0.3,0.7,-0.009099644099848187,0.08023039244815369
9,weekday_midday,36,severe,2.292615025021556,0.610594098742423,145.46365766544503,140.87540931487413,139.71504184514595,136.52966595971705,3.951925802333696,0.8236834770322619,0.5984512528952091,23.51689222233165,22.38058029289962,20.98016682688699,179.32206484231136,171.37750086689354,170.21842150425275,160.72606007627002,0.6763311150983793,0.55,0.0,0.45,0.55,-0.01364946614977228,0.12034558867223055
9,weekday_rush,37,mild,5.236871952799957,0.0,204.80530014054418,174.7276225155584,166.19141872200925,166.19141872200925,18.853946353945336,4.885434638583871,4.861799992961915,12.261864833266534,10.069938712873693,9.626199792342714,219.96804391412283,188.473807917297,177.2193004977812,177.2193004977812,5.971390690240795,0.99,0.0,0.01,0.99,-0.0002681257050727257,0.04261464991511532
9,weekday_rush,37,moderate,5.236871952799957,0.0,204.9912800341259,175.0999247256412,167.07759449381098,167.07759449381098,18.495267473818032,4.581572633112298,4.469115122949624,26.625867602384137,21.654040830588556,20.111171498232697,237.85507012151214,205.11090521176618,191.6495730783132,191.6495730783132,6.562952915426343,0.87,0.0,0.13,0.87,-0.0005362514101454514,0.08522929983023064
9,weekday_rush,37,severe,5.236871952799957,0.0,205.67645072101558,175.85134773620564,168.47919885264727,168.47919885264727,18.085323690665756,4.192261804337899,3.8463847729179914,43.29829116040877,35.08001936936065,32.10627078678764,260.2983061714019,225.1123870602406,208.3540610979073,208.3540610979073,7.4444263957134975,0.72,0.0,0.28,0.72,-0.0008043771152181798,0.12784394974534594
9,weekend_midday,38,mild,0.0,0.0,141.47416166551804,119.0063002874413,119.0063002874413,119.0063002874413,15.881247228166398,0.0,0.0,7.798738601704372,5.582954688638244,5.582954688638244,151.47823811520257,126.53805032671588,126.53805032671588,126.53805032671588,0.0,0.0,1.0,0.0,,-0.0003649250947432661,0.03857492966431923
9,weekend_midday,38,moderate,0.0,0.0,141.66141359185858,118.8586814513903,118.8586814513903,118.8586814513903,16.09664308882682,0.0,0.0,14.804589962388048,10.41472487336147,10.41472487336147,160.46434839134918,132.69304876307885,132.69304876307885,132.69304876307885,0.0,0.0,1.0,0.0,,-0.0007298501894865322,0.07714985932863846
9,weekend_midday,38,severe,0.0,0.0,142.1584670708037,118.85865284687134,118.85865284687134,118.85865284687135,16.390029172393668,0.0,0.0,22.42993777533501,15.586674058409798,15.586674058409798,170.423187922015,139.5064926705508,139.5064926705508,139.5064926705508,0.0,0.0,1.0,0.0,,-0.0010947752842297967,0.11572478899295771
9,weekend_evening,39,mild,3.652688967636665,1.1856849020520996,158.71834671001085,158.3479766223277,152.02712488059004,151.05714696158063,4.215783473126851,3.9917477170001323,3.9635821808778355,8.269259563752225,8.656701893492336,8.001915946268198,168.72370845776047,169.23851211917182,161.8689119942469,159.85482331684761,4.354564473915666,0.97,0.0,0.03,0.97,0.003183139596403403,0.03927322521271545
9,weekend_evening,39,moderate,3.652688967636665,1.1856849020520996,159.7957373204971,159.3980260357104,152.6633337764514,152.25137570816548,4.463450442198262,4.225078833630098,4.131320482235977,16.355272038284113,17.619331754233446,16.221112948609655,179.4998792803733,181.6031189215694,172.6696764155278,170.82306072306557,4.919212048279734,0.9,0.0,0.1,0.9,0.006366279192806806,0.0785464504254309
9,weekend_evening,39,severe,3.652688967636665,1.1856849020520996,161.32350324835247,160.82949073992765,153.68778590232066,153.93802122047,4.733171045930526,4.440544333474028,4.191801513666606,25.37881094338892,28.035013820562053,25.57954967936003,191.8780677344722,196.2278097514338,184.46835301254717,183.08757822431832,5.9927574760084195,0.83,0.0,0.17,0.83,0.009549418789210205,0.11781967563814635
10,weekday_midday,40,mild,0.0,0.0,159.67617621115068,112.3786949163729,112.3786949163729,112.3786949163729,29.62087545998916,0.0,2.596091001111763e-16,8.088295900015007,6.540087196032395,6.540087196032396,171.1217989480638,121.2914385857767,121.2914385857767,121.2914385857767,0.0,0.0,1.0,0.0,,-0.0012648793406128903,0.036490649939986575
10,weekday_midday,40,moderate,0.0,0.0,159.49022934615334,112.37071754491326,112.37071754491326,112.37071754491326,29.543823464554148,0.0,3.0484511307491404e-16,16.08546933996726,12.206559222194121,12.206559222194123,179.43774047937623,129.12708602486467,129.12708602486467,129.12708602486467,0.0,0.0,1.0,0.0,,-0.0025297586812257807,0.07298129987997315
10,weekday_midday,40,severe,0.0,0.0,159.43497239550553,112.54013884774655,112.54013884774655,112.54013884774655,29.413141196793624,0.0,-7.696191983431135e-16,25.314861916304032,18.844937065103753,18.844937065103753,189.82126376897816,137.92624076656236,137.92624076656236,137.92624076656236,0.0,0.0,1.0,0.0,,-0.0037946380218386705,0.10947194981995971
10,weekday_rush,41,mild,0.0,0.0,175.17521932736847,137.60685282732774,137.60685282732774,137.60685282732774,21.446164956604246,0.0,-6.783242895791718e-16,9.778653580373568,7.876179880421623,7.876179880421621,188.15583071986794,146.95904519097155,146.95904519097155,146.95904519097155,0.0,0.0,1.0,0.0,,-0.0016069845003864821,0.04088073035738125
10,weekday_rush,41,moderate,0.0,0.0,175.07774890799075,137.05800210125656,137.05800210125656,137.05800210125656,21.715921665588038,0.0,6.4365216514427686e-18,20.320986561617122,16.36552073923445,16.36552073923445,201.6816096957751,156.6100227145783,156.6100227145783,156.6100227145783,0.0,0.0,1.0,0.0,,-0.0032139690007729643,0.0817614607147625
10,weekday_rush,41,severe,0.0,0.0,175.2530168364603,136.69391344465103,136.69391344465103,136.69391344465106,22.001962698189214,0.0,1.3360901324650797e-15,32.43210848124549,26.188520052433645,26.18852005243365,216.91292479276265,167.89102514756385,167.89102514756385,167.89102514756385,0.0,0.0,1.0,0.0,,-0.004820953501159445,0.12264219107214373
10,weekend_midday,42,mild,0.0,0.0,131.1354708125284,95.8505997323681,95.8505997323681,95.8505997323681,26.90719060337508,0.0,5.637476683201189e-16,6.975936660538025,5.605751332968158,5.605751332968158,139.69287467681843,102.20163108965579,102.20163108965579,102.20163108965579,0.0,0.0,1.0,0.0,,-0.003734518051483119,0.04038852452156773
10,weekend_midday,42,moderate,0.0,0.0,130.75425375902404,95.69102409433668,95.69102409433668,95.69102409433668,26.81612923225257,0.0,-3.580359690313908e-16,13.00511874899968,10.02563492089138,10.02563492089138,146.297212594654,107.40013066076837,107.40013066076835,107.40013066076835,1.3231692203511454e-14,0.0,1.0,0.0,,-0.007469036102966238,0.08077704904313546
10,weekend_midday,42,severe,0.0,0.0,130.65359339326665,95.83665910966909,95.83665910966909,95.83665910966909,26.64827914743896,0.0,7.482124711238182e-16,19.53879938209519,14.876257656643512,14.876257656643512,154.13901853184598,113.51760450183981,113.51760450183981,113.51760450183981,0.0,0.0,1.0,0.0,,-0.011203554154449354,0.12116557356470319
10,weekend_evening,43,mild,0.0,0.0,163.84223488146074,119.8934849320994,119.8934849320994,119.89348493209941,26.823822307574176,0.0,0.0,8.771471356532361,7.029358315166141,7.029358315166141,175.43480933406485,128.36610527354662,128.36610527354662,128.36610527354662,0.0,0.0,1.0,0.0,,0.0015345738663086294,0.04007863641733477
10,weekend_evening,43,moderate,0.0,0.0,164.3664295279569,120.43200527480174,120.43200527480174,120.43200527480174,26.729560518732576,0.0,0.0,17.82553954244657,13.621576585372154,13.621576585372154,187.74024950114233,136.8816004649464,136.8816004649464,136.8816004649464,0.0,0.0,1.0,0.0,,0.003069147732617259,0.08015727283466954
10,weekend_evening,43,severe,0.0,0.0,165.1343527102025,121.24703839219923,121.24703839219923,121.24703839219923,26.576731974734525,0.0,0.0,28.2798773693501,21.346970169636243,21.346970169636243,202.1554351292659,147.26878176410338,147.26878176410338,147.26878176410338,0.0,0.0,1.0,0.0,,0.004603721598925883,0.1202359092520043
11,weekday_midday,44,mild,-0.7879208928604955,0.7879208928604955,143.48445425705285,101.22339995671663,101.92657352054651,101.22339995671663,28.96333331139502,-0.6946749112661273,-0.709120672768143,6.99510147656433,5.920081612929982,6.107612889689807,152.83130611381898,108.06002648525126,109.62643112632585,108.06002648525127,-1.4495689960694127,0.37,0.0,0.63,0.37,-0.00222116394403875,0.037065989883828775
11,weekday_midday,44,moderate,-0.7879208928604955,0.7879208928604955,143.0397923816054,101.32857123336507,102.01293688350228,101.32857123336507,28.682127410147917,-0.675392578625311,-0.7074716901282049,13.352475836493609,11.11452587430059,11.444229733676746,161.06699347538705,114.63095308080054,115.9149570732947,114.63095308080054,-1.1201197913700505,0.42,0.0,0.58,0.42,-0.0044423278880775,0.07413197976765755
11,weekday_midday,44,severe,-0.7879208928604955,0.7879208928604955,142.85605143538265,101.95703610257533,102.54759887381987,101.95703610257532,28.2161323629999,-0.5792270880161631,-0.6395707262622369,20.375432055365774,17.038040739197292,17.561683114366524,170.39885543532554,122.65203110472021,123.90824539519758,122.65203110472021,-1.024209936975947,0.45,0.0,0.55,0.45,-0.006663491832116251,0.1111979696514863
11,weekday_rush,45,mild,0.423188489443954,0.0,180.1621987515859,116.15248477184807,115.35273051922852,115.35273051922852,35.97284484839076,0.6885382212790915,0.655332420838752,9.178200170069832,5.961959642810928,6.24509854435653,191.16417384100768,123.67408513415967,123.33026025902146,123.33026025902146,0.2780088284180431,0.62,0.0,0.38,0.62,0.0007188235848621804,0.03641197469425543
11,weekday_rush,45,moderate,0.423188489443954,0.0,180.26215955882503,116.11215147583215,115.11067670068125,115.11067670068125,36.14262861245866,0.8625064322913227,0.7662508701237235,19.0278345114646,11.889183357053836,12.128624577595906,202.35690815366561,130.49040801585963,129.6415571272899,129.6415571272899,0.650508264535858,0.58,0.0,0.42,0.58,0.0014376471697243609,0.07282394938851086
11,weekday_rush,45,severe,0.423188489443954,0.0,180.51704531507872,116.35458556657547,115.009452896843,115.00945289684303,36.288868069991516,1.1560633069874242,0.9132128603647353,30.51568996490287,18.7838341170601,18.977074174288685,215.41545772512325,138.83173937386874,137.3829264450789,137.3829264450789,1.0435747152084833,0.58,0.0,0.42,0.58,0.002156470754586543,0.10923592408276628
11,weekend_midday,46,mild,-0.5142246432863165,0.5142246432863165,132.3496749489552,88.46813403111375,88.74733312940312,88.46813403111375,32.944804614267994,-0.3155928418148564,-0.35468100387377055,7.200932059742864,4.682296229865697,4.5520997549007625,140.8824921005185,94.57518516934778,95.38142031360594,94.57518516934778,-0.85248064047087,0.46,0.0,0.54,0.46,0.0016440846571877598,0.03661655185853082
11,weekend_midday,46,moderate,-0.5142246432863165,0.5142246432863165,132.78344445859202,88.98249888089342,89.22330670751302,88.98249888089342,32.80539823973542,-0.27062380765675303,-0.3718228269653453,13.271366801464673,8.213104681337821,7.987070397091785,149.18396103881443,99.94707852785841,100.51377846389043,99.94707852785841,-0.5670000007794787,0.48,0.0,0.52,0.48,0.0032881693143755196,0.07323310371706164
11,weekend_midday,46,severe,-0.5142246432863165,0.5142246432863165,133.5870396199832,90.00833242419674,90.19557600687118,90.00833242419674,32.48179144964083,-0.20802916533548005,-0.42814964006088885,19.91071166392566,12.245341741235743,11.911072987236672,158.06466263940465,106.68202015133312,106.91893757586423,106.68202015133312,-0.22207811981347614,0.51,0.0,0.49,0.51,0.004932253971563282,0.10984965557559247
11,weekend_evening,47,mild,6.654371648491242,0.0,178.1169766285134,105.99124622836727,98.78135090546832,98.78135090546833,44.541304947315645,6.80234979723195,6.7603743243871035,10.280427293635217,6.501233974512767,5.810956517781514,191.57766931323613,114.07298559183013,106.73171748255972,106.7317174825597,6.435588646323811,1.0,0.0,0.0,1.0,0.004146221800168135,0.04042746103596952
11,weekend_evening,47,moderate,6.654371648491242,0.0,179.30085478248344,106.71936661734303,99.43657145329645,99.43657145329644,44.54205387145161,6.8242488639948915,6.668424919360697,21.362904536554794,12.616393271750745,11.051828549791285,206.8465812536585,122.53567304990347,114.19464231932788,114.19464231932788,6.807022414753165,0.96,0.0,0.04,0.96,0.00829244360033627,0.08085492207193903
11,weekend_evening,47,severe,6.654371648491242,0.0,180.86696500318473,107.91515039114508,100.45553932328534,100.45553932328534,44.45887930860315,6.912478035588072,6.490658891299795,34.253805189925565,19.657181889799908,16.96655728865533,224.95852030462567,132.48831036498368,123.14510970433028,123.14510970433028,7.052094358298028,0.89,0.0,0.11,0.89,0.012438665400504402,0.12128238310790855
12,weekday_midday,48,mild,0.0,0.0,188.9732878271652,153.8681092096547,153.8681092096547,153.8681092096547,18.57679411791663,0.0,-3.4675934014818574e-17,9.994607086565686,8.60905815303124,8.60905815303124,199.1422925052059,163.67080014292114,163.67080014292114,163.67080014292114,0.0,0.0,1.0,0.0,,0.0014999031873340419,0.04205551683662163
12,weekday_midday,48,moderate,0.0,0.0,189.56463357839883,154.00655774871484,154.00655774871484,154.00655774871484,18.75775832150575,0.0,-4.542612496643112e-16,19.994021178809312,16.850234221297296,16.850234221297296,209.92028859562885,173.22371827715764,173.22371827715764,173.22371827715764,0.0,0.0,1.0,0.0,,0.0029998063746680837,0.08411103367324325
12,weekday_midday,48,severe,0.0,0.0,190.57457150901737,154.47656674408867,154.47656674408867,154.47656674408867,18.941669121486473,0.0,2.830855950724097e-17,31.017914417952934,25.938886770176378,25.938886770176378,222.49341049201723,183.50509871776555,183.50509871776555,183.50509871776555,0.0,0.0,1.0,0.0,,0.004499709562002125,0.1261665505098649
12,weekday_rush,49,mild,1.5298676366174364,0.0,228.0163405606693,200.7178285540665,198.302453895528,198.302453895528,13.031472477839893,1.2033682687474259,1.1637179021461819,13.313602447292322,11.430422402828519,11.294784146028052,243.97708270702822,213.53662018681092,213.55553985570944,213.55553985570944,-0.008860151894306193,0.66,0.0,0.34,0.66,0.0036981692001972688,0.039856212695791836
12,weekday_rush,49,moderate,1.5298676366174364,0.0,230.28110980825954,202.32653032168417,200.33110224663574,200.33110224663574,13.005846457211048,0.9862414345147197,0.8130833705755766,27.79250833268543,24.23816057980228,23.221170120164476,263.29268752661494,229.67976446635544,230.52974592523017,230.52974592523017,-0.3700724183732983,0.6,0.0,0.4,0.6,0.0073963384003945375,0.07971242539158367
12,weekday_rush,49,severe,1.5298676366174364,0.0,233.1850718710753,204.47202467580212,202.91497835135505,202.91497835135505,12.98114552395368,0.7614960173235559,0.247534679638187,44.58276984342053,39.32481869050871,36.922482526308734,286.0125894172968,249.8090034707264,251.38230083109855,251.38230083109855,-0.6298001026838559,0.56,0.0,0.44,0.56,0.011094507600591805,0.11956863808737549
12,weekend_midday,50,mild,0.0,0.0,169.6671275588882,138.3521956469611,138.3521956469611,138.3521956469611,18.456687728775456,0.0,-1.8600829559453848e-16,7.844004002118298,6.93253164223024,6.9325316422302405,180.30223735640584,148.63156444353658,148.63156444353658,148.63156444353658,0.0,0.0,1.0,0.0,,-0.0007306987963671852,0.03848904946425034
12,weekend_midday,50,moderate,0.0,0.0,169.7740000886997,138.03170504433803,138.03170504433803,138.03170504433803,18.69679398952588,0.0,-4.0220489550196705e-16,15.234933237357176,12.987295646908041,12.987295646908041,191.26918992017957,156.42579798556343,156.42579798556343,156.42579798556343,0.0,0.0,1.0,0.0,,-0.0014613975927343704,0.07697809892850067
12,weekend_midday,50,severe,0.0,0.0,170.30166037778136,137.9957860951532,137.9957860951532,137.9957860951532,18.969794076560277,0.0,4.6915758229587904e-18,23.07075896276032,19.490106571643803,19.490106571643803,202.37291637914447,165.6099833605195,165.6099833605195,165.6099833605195,0.0,0.0,1.0,0.0,,-0.0021920963891015536,0.11546714839275099
12,weekend_evening,51,mild,3.9736800913883825,0.0,202.15024265311615,177.30562868309545,170.74248476544344,170.74248476544344,15.536839073484321,3.70159930420627,3.662377075961027,9.981950121921104,9.936983469813555,8.99191779574761,214.16363773238896,187.00082822027204,181.73349578779914,181.73349578779914,2.8167428361699027,0.97,0.0,0.03,0.97,-0.004928260790161597,0.03905580079240917
12,weekend_evening,51,moderate,3.9736800913883825,0.0,200.33550000525494,175.74117934545566,169.57837678633257,169.57837678633257,15.352807274854227,3.5067492901073742,3.3380274013499105,20.51870318071961,20.218676659678565,17.864183523438218,225.03732683086542,197.25460472176695,191.799559619828,191.799559619828,2.7654842885079693,0.81,0.0,0.19,0.81,-0.009856521580323194,0.07811160158481834
12,weekend_evening,51,severe,3.9736800913883825,0.0,198.65825377973258,174.28407301444452,168.69175198755786,168.69175198755786,15.08444840424342,3.2087390030316563,2.7369524035112365,32.509080558982646,32.040447570336255,27.963698567642506,238.05507137642752,208.32260615833775,203.66592644655677,203.66592644655677,2.235321359335157,0.68,0.0,0.32,0.68,-0.014784782370484795,0.11716740237722748
13,weekday_midday,52,mild,-1.703146804445792,1.7031468044457758,135.75459900929852,87.66822330777131,89.380140529215,87.66822330777131,34.16050639795054,-1.9527226135674776,-2.0285797772930216,8.044333231791551,5.311817104418959,5.20157380443967,145.9699600397712,93.32768894133126,96.23379652384776,93.32768894133126,-3.113875009101928,0.29,0.0,0.71,0.29,-0.0012089126963207295,0.04258590157176398
13,weekday_midday,52,moderate,-1.703146804445792,1.7031468044457758,135.7369417618336,87.63813219669296,89.42304607489523,87.63813219669296,34.120332376577004,-2.036686352689765,-2.2240286154983924,16.06862625348982,9.808396290473345,9.672267163389922,155.11655941108143,99.37074782289896,102.0874027286121,99.37074782289896,-2.7338577652196325,0.38,0.0,0.62,0.38,-0.002417825392641459,0.08517180314352796
13,weekday_midday,52,severe,-1.703146804445792,1.7031468044457758,136.0149271002423,87.91638194038892,89.73482034849093,87.91638194038892,34.02575565668845,-2.0683726604388593,-2.4800206924102004,25.34282700447038,14.932460367024891,14.753242494912367,165.58342074143704,105.70052908043247,108.46895489535716,105.70052908043249,-2.619122003465147,0.42,0.0,0.58,0.42,-0.0036267380889621875,0.12775770471529194
13,weekday_rush,53,mild,6.305112476409355,0.0,149.01629505685506,117.33052102125593,109.6918823805319,109.6918823805319,26.389337260948203,6.5103594309789194,6.460763591887975,9.127564793619406,7.480816317794289,6.875351264969018,159.81812395225762,126.5899772902361,117.48355696900386,117.48355696900386,7.193634532656345,0.97,0.0,0.03,0.97,-0.0003822852490854272,0.03769577728911121
13,weekday_rush,53,moderate,6.305112476409355,0.0,149.11211948881066,117.62674389191812,109.8287499710133,109.8287499710133,26.344853558831737,6.6294395839691465,6.437752944763554,18.416047679628083,14.901600398782172,13.209528348934265,169.79660384322372,136.86067815966717,125.82623372209818,125.82623372209818,8.062538185508453,0.87,0.0,0.13,0.87,-0.0007645704981708544,0.07539155457822241
13,weekday_rush,53,severe,6.305112476409355,0.0,149.58985462098315,118.3583341541832,110.35772158396497,110.35772158396499,26.226466451498936,6.759652902681086,6.20614469548613,29.369497247567747,23.821662900437484,20.67756336919014,181.9203155911339,148.53008198033825,136.13681989319505,136.13681989319508,8.343940784186575,0.83,0.0,0.17,0.83,-0.0011468557472562836,0.11308733186733361
13,weekend_midday,54,mild,2.285683029814435,0.0,105.25188967898181,86.436722928553,84.22998858961864,84.22998858961863,19.972944099607098,2.5530055561666765,2.495898969789805,5.586916867295347,4.92489327359663,4.720800136768385,112.62204524705223,92.34670384432705,90.67266288662366,90.67266288662366,1.8127782454752284,0.79,0.0,0.21,0.79,-0.004861263110316286,0.040725467315436296
13,weekend_midday,54,moderate,2.285683029814435,0.0,105.06969217010153,86.56555149230346,84.27306717017676,84.27306717017676,19.793172103575106,2.6482639833127175,2.49132820419776,10.27032156804402,8.996872902876522,8.457718731203746,117.71888733424085,98.04498930541857,94.93764464076767,94.93764464076766,3.1693049146767205,0.71,0.0,0.29,0.71,-0.009722526220632572,0.08145093463087259
13,weekend_midday,54,severe,2.285683029814435,0.0,105.31141898987148,87.15486300497221,84.81670434203366,84.81670434203366,19.46105640244857,2.6827632817289393,2.311506928272366,15.367132848534363,13.640960699239022,12.62486852553977,123.88008044241487,104.42011129775013,101.11854286141107,101.11854286141109,3.1618127919101258,0.65,0.0,0.35,0.65,-0.014583789330948855,0.12217640194630888
13,weekend_evening,55,mild,0.0,0.0,140.76955724495036,99.03105520992389,99.03105520992389,99.03105520992389,29.65023322649095,0.0,0.0,7.239345227075068,5.493170452408368,5.493170452408368,150.13210800637142,106.18852471960973,106.18852471960973,106.18852471960973,0.0,0.0,1.0,0.0,,0.004311382186366991,0.03982487497222454
13,weekend_evening,55,moderate,0.0,0.0,141.74277755448017,99.66276933408719,99.66276933408719,99.66276933408719,29.6875854603732,0.0,0.0,14.735452113422616,10.542551493866144,10.542551493866144,159.06792045725928,114.10446511094797,114.10446511094797,114.10446511094797,0.0,0.0,1.0,0.0,,0.008622764372733982,0.07964974994444908
13,weekend_evening,55,severe,0.0,0.0,143.20096466217862,100.61307268156177,100.61307268156177,100.61307268156177,29.739947688959184,0.0,0.0,23.42971272015667,16.435736132028218,16.435736132028218,169.8581532271861,122.81821488056559,122.81821488056559,122.81821488056559,0.0,0.0,1.0,0.0,,0.01293414655910097,0.11947462491667361
14,weekday_midday,56,mild,3.715323886953749,0.5601602672003232,137.4195506087618,111.79928945625909,107.60720114296791,107.56804394520448,21.694401803620124,3.74965559591621,3.6689290880527903,6.427709439739928,6.005345860678971,5.894368841073735,145.70663638138805,118.75275544835337,114.72262259100366,115.26498375996715,3.3937173433440484,0.82,0.0,0.18,0.82,-0.001299135479338378,0.034756160079720294
14,weekday_midday,56,moderate,3.715323886953749,0.5601602672003232,137.14184753404098,111.64447792401684,107.46077853389981,107.77272564976496,21.64260547297484,3.747341084764063,3.504785380919912,12.166803571623051,11.401747869878372,10.78801188487492,154.49392883061347,124.17378799758798,121.12046421772888,121.50235233665173,2.4589116826478774,0.71,0.0,0.29,0.71,-0.002598270958676756,0.06951232015944059
14,weekday_midday,56,severe,3.715323886953749,0.5601602672003232,137.05848798464598,111.62803231579441,107.58518491270044,108.3044432860292,21.504179350969707,3.62171339870688,2.9932014638967024,18.65325518994102,17.727232196525584,16.426493749933197,163.941250861476,130.93157661362156,128.587886283158,129.09140662323003,1.790011539675997,0.62,0.0,0.38,0.62,-0.003897406438015133,0.1042684802391609
14,weekday_rush,57,mild,3.372833185148796,0.0,182.4681778107613,124.78916969818275,120.87516159816946,120.87516159816946,33.755483806316235,3.1364966282569067,3.13235844762336,10.452536819219356,7.063654722561027,7.0764907752666195,195.1266931850398,133.66609406302862,129.92054972676078,129.92054972676078,2.8021648739894163,0.99,0.0,0.01,0.99,-0.00954823770272858,0.038890038889963806
14,weekday_rush,57,moderate,3.372833185148796,0.0,179.8670389793598,123.24110415045745,119.59461594332554,119.59461594332554,33.50943195487344,2.958824681317475,2.9224993441733216,22.111205844490435,14.436643902458863,14.087060315091824,205.27016279731984,139.85263627641353,136.70047738287028,136.7004773828703,2.2539145328037535,0.83,0.0,0.17,0.83,-0.01909647540545716,0.07778007777992761
14,weekday_rush,57,severe,3.372833185148796,0.0,177.40830413841792,121.76915706238768,118.48093414741423,118.48093414741423,33.215677404270345,2.7003742115819565,2.5724153017337494,34.95216174347301,22.61144552438355,21.896811483878512,218.95964748858768,147.70752481310092,144.99644045033702,144.996440450337,1.835440927057928,0.74,0.0,0.26,0.74,-0.02864471310818574,0.11667011666989141
14,weekend_midday,58,mild,0.0,0.0,130.75869188584912,92.98262598198855,92.98262598198853,92.98262598198855,28.889908088740036,1.5283344135661167e-14,1.120464923103736e-15,6.592836245219299,5.714028504722403,5.714028504722405,138.9189697646089,100.3543542764728,100.3543542764728,100.3543542764728,0.0,0.0,1.0,0.0,,0.0015631496059312377,0.04299645738256291
14,weekend_midday,58,moderate,0.0,0.0,130.89309296753277,92.89054379330145,92.89054379330146,92.89054379330145,29.033273118282573,-1.5298494480583266e-14,-1.2750207571159535e-15,12.656309743457332,10.256793677605069,10.256793677605069,146.71632142766364,106.79244454210571,106.7924445421057,106.7924445421057,1.3306985130019195e-14,0.0,1.0,0.0,,0.0031262992118624754,0.08599291476512581
14,weekend_midday,58,severe,0.0,0.0,131.2212347530842,92.89302103476996,92.89302103476996,92.89302103476996,29.208850069453696,0.0,-7.490946934371334e-16,19.2136859887254,15.2642105730031,15.2642105730031,155.08923435912146,113.71617970679551,113.7161797067955,113.71617970679551,1.2496774647058234e-14,0.0,1.0,0.0,,0.0046894488177937135,0.1289893721476887
14,weekend_evening,59,mild,0.7187706235425654,0.0,161.9890944329511,108.08057170599353,107.42826270865548,107.42826270865548,33.681793157303495,0.6035395511345915,0.5632953146950814,8.808661258414311,6.141916014640134,5.8405231401426025,172.64831148352874,115.39731587471947,114.65536131864614,114.65536131864614,0.6429565111192217,0.67,0.0,0.33,0.67,0.006976374061069181,0.038717597408206
14,weekend_evening,59,moderate,0.7187706235425654,0.0,163.69562099705843,109.12196860748769,108.42690710970108,108.42690710970108,33.76309857937526,0.6369583564669282,0.5089911050531432,17.658336446899597,11.688980338136938,11.034458548474388,184.97220450145073,122.92783627726448,121.61393748427935,121.61393748427935,1.06883748447473,0.64,0.0,0.36,0.64,0.013952748122138363,0.077435194816412
14,weekend_evening,59,severe,0.7187706235425654,0.0,165.8308964657031,110.43082961016393,109.74374182322381,109.74374182322381,33.821896786332054,0.6221883774355641,0.3079307758912792,27.98327639681882,18.10207316983563,16.978728409832616,199.46766474081755,131.47217336944365,130.50702377745083,130.50702377745083,0.7341094067721129,0.62,0.0,0.38,0.62,0.020929122183207555,0.11615279222461801
15,weekday_midday,60,mild,5.033694469004474,0.0,135.83130109307803,96.59664975134567,92.158522796132,92.158522796132,32.15221966181371,4.594493666848766,4.511868075699524,6.869567779651789,5.215412266705398,4.96629509535867,145.82511927205582,103.24968737297591,99.57890960682803,99.57890960682803,3.555243468086908,0.85,0.0,0.15,0.85,-0.0047235397096092625,0.03798713146295507
15,weekday_midday,60,moderate,5.033694469004474,0.0,135.23377431223605,96.03146969679861,91.85270032315984,91.85270032315984,32.078579637151385,4.351458315521416,4.122969032184283,13.413125701871286,9.705656170820305,9.113624712359737,156.1046386046717,108.2355984965613,104.97328295623471,104.97328295623471,3.014087403443543,0.72,0.0,0.28,0.72,-0.009447079419218525,0.07597426292591014
15,weekday_midday,60,severe,5.033694469004474,0.0,134.84034272025391,95.74979404883354,91.8253284961001,91.8253284961001,31.90070075199585,4.0986673566440395,3.548564534757536,20.962791017799596,14.95286412883786,13.879579704280149,167.60942101299233,114.60797764245835,111.50696923821585,111.50696923821585,2.7057526605317994,0.65,0.0,0.35,0.65,-0.014170619128827786,0.1139613943888652
15,weekday_rush,61,mild,4.383107424932656,0.0,158.44026752122295,125.60029557125802,120.17179906888994,120.17179906888995,24.153246552179027,4.322041184439949,4.267247772440637,8.154748035692197,6.633706717712338,6.383184556748764,169.03790902987436,134.27289511701622,127.73301734068687,127.73301734068687,4.870586703764726,0.94,0.0,0.06,0.94,0.0026581800649452293,0.03457259968775151
15,weekday_rush,61,moderate,4.383107424932656,0.0,159.4955646552907,126.66397357488073,121.14794920902683,121.14794920902683,24.04306071403461,4.354848667836046,4.198774192856465,16.74415063289514,13.376017800255969,12.665754900576069,182.18270029971572,144.30905413107152,137.10224025885537,137.10224025885537,4.994013657431651,0.77,0.0,0.23,0.77,0.005316360129890459,0.06914519937550302
15,weekday_rush,61,severe,4.383107424932656,0.0,160.98266016492042,128.23811587908256,122.54205884435805,122.54205884435807,23.87872164690376,4.441781599548291,4.07014742192838,26.959932522196286,21.528936262379673,20.23892096408603,198.08646973611218,156.56792117405737,148.65320077044893,148.65320077044893,5.055135396994641,0.71,0.0,0.29,0.71,0.007974540194835683,0.10371779906325453
15,weekend_midday,62,mild,2.0514055228497385,0.0,124.79418093901853,90.85737220913228,89.28207571941027,89.28207571941027,28.456539361367717,1.7338125145156578,1.6983770272520382,6.607632680419886,5.243127231640793,5.4963454898520085,133.5900246749985,97.5128005145657,95.86046360933817,95.86046360933817,1.6944820541593568,0.69,0.0,0.31,0.69,0.00042209120472562706,0.03843643256783598
15,weekend_midday,62,moderate,2.0514055228497385,0.0,125.39864386099336,91.1583879438669,89.73657540908711,89.73657540908711,28.438958631353533,1.559716628222196,1.4617104578109854,12.382809508731636,9.487003857256838,9.755340052010586,142.5112626091286,103.23894917995902,101.59361877435238,101.59361877435238,1.5937109188690175,0.58,0.0,0.42,0.58,0.0008441824094512541,0.07687286513567196
15,weekend_midday,62,severe,2.0514055228497385,0.0,126.44530266393757,91.91378204846818,90.69546404285082,90.6954640428508,28.27296694136719,1.3255008971069393,1.0845288229907089,18.85561778854914,14.244130035407386,14.594902858377578,152.50382336649284,109.86929180753148,108.85995374200509,108.85995374200509,0.9186716769728037,0.53,0.0,0.47,0.53,0.0012662736141768806,0.11530929770350791
15,weekend_evening,63,mild,0.0,0.0,151.0679429482622,101.98951370537529,101.98951370537526,101.98951370537526,32.48765309506819,2.7867285956973887e-14,-2.849765341902189e-17,7.713064176599297,5.679849039729847,5.679849039729847,160.27060757071195,108.70173918318487,108.70173918318487,108.70173918318487,0.0,0.0,1.0,0.0,,0.0029613140449785535,0.037976465096078514
15,weekend_evening,63,moderate,0.0,0.0,152.02289763098676,102.503384395918,102.503384395918,102.503384395918,32.573720147914884,0.0,-3.6613110636347063e-16,15.813227923428878,10.838237854333718,10.838237854333718,171.64235917183305,115.75908606059569,115.7590860605957,115.7590860605957,-1.2276232647313002e-14,0.0,1.0,0.0,,0.005922628089957107,0.07595293019215703
15,weekend_evening,63,severe,0.0,0.0,153.3679530660466,103.36791510709381,103.36791510709381,103.36791510709381,32.601359644814906,0.0,9.38760845148983e-16,25.257221746984694,16.787804799018343,16.787804799018343,184.52466674882004,123.95396656201463,123.95396656201463,123.95396656201463,0.0,0.0,1.0,0.0,,0.008883942134935659,0.11392939528823555
16,weekday_midday,64,mild,2.17988968470269,0.0,186.8747586018204,118.15927573560852,115.28699576468257,115.28699576468257,38.30788244102672,2.4308544149787417,2.3918779286803553,8.939236940598796,6.708342715115163,6.574494003163191,197.36252970617176,126.50366431696851,123.73772085231494,123.73772085231494,2.1864532380051904,0.84,0.0,0.16,0.84,0.006024523553564255,0.0391272977756887
16,weekday_midday,64,moderate,2.17988968470269,0.0,188.1338184314148,119.00491251587006,115.91103523658903,115.91103523658903,38.38904870851541,2.599789549753623,2.48359684263649,18.1569233884713,12.650881222968733,12.128627807848881,208.71393967391495,134.24859382816257,131.61712704838683,131.61712704838683,1.9601447618468149,0.8,0.0,0.2,0.8,0.01204904710712851,0.0782545955513774
16,weekday_midday,64,severe,2.17988968470269,0.0,189.6558598489122,120.17898749437734,116.67842727167753,116.67842727167753,38.478870431618375,2.9127889123409196,2.6279533522217595,28.4696555017509,19.338242731958026,18.30824737042158,221.78570697803724,143.23945490825272,140.36222060864324,140.36222060864327,2.008688389279616,0.75,0.0,0.25,0.75,0.01807357066069277,0.11738189332706607
16,weekday_rush,65,mild,0.0,0.0,205.43026421596943,139.92964923319371,139.92964923319371,139.92964923319371,31.884598519483347,0.0,0.0,9.676535041586876,7.654847827282108,7.654847827282108,218.5558352030669,150.55184227515366,150.55184227515366,150.55184227515366,0.0,0.0,1.0,0.0,,-0.004436993259047832,0.037110279944375636
16,weekday_rush,65,moderate,0.0,0.0,204.6190445530662,138.8914449097856,138.8914449097856,138.8914449097856,32.121936541559165,0.0,0.0,20.402000271205335,15.263256789079607,15.263256789079607,234.59098439714657,160.10658223527625,160.10658223527625,160.10658223527625,0.0,0.0,1.0,0.0,,-0.008873986518095664,0.07422055988875127
16,weekday_rush,65,severe,0.0,0.0,203.8798167960239,137.8468049071523,137.8468049071523,137.8468049071523,32.388204446414534,0.0,0.0,32.663046189441964,24.161041076639766,24.161041076639766,252.5430792248875,170.72994385934842,170.72994385934842,170.72994385934842,0.0,0.0,1.0,0.0,,-0.0133109797771435,0.11133083983312689
16,weekend_midday,66,mild,0.8246211628754027,0.197749263185338,168.56153253211374,115.27485624513982,114.30950069346868,114.44102213451337,32.185298166003065,0.8374380876418043,0.7995606402327493,7.706941987467908,5.899230424695909,6.110845871074952,177.53992583140163,123.7131503775001,121.40556266003401,122.55864737632244,1.8652727785402643,0.6,0.0,0.4,0.6,-0.0004961829888656107,0.035909046218656454
16,weekend_midday,66,moderate,0.8246211628754027,0.197749263185338,168.9730812131488,115.27734950560281,114.32026934815069,114.66832419411189,32.34409378855858,0.8302412933302293,0.7202198284114152,14.920404459907733,10.995364542349309,11.182624500640467,187.3750619282373,129.93409928064878,126.87606416496625,129.0203561370978,2.353527774935648,0.55,0.0,0.45,0.55,-0.0009923659777312213,0.07181809243731291
16,weekend_midday,66,severe,0.8246211628754027,0.197749263185338,169.69158161036142,115.53770635161332,114.57651611322322,115.21004095546814,32.479552004937446,0.8319277478686774,0.557318795974785,22.808031912861328,16.733441974647228,16.866229571870235,198.08376024043946,137.64546267555716,133.65547594735753,137.59999748438184,2.8987419204688103,0.53,0.0,0.47,0.53,-0.0014885489665968327,0.10772713865596936
16,weekend_evening,67,mild,0.0,0.0,190.7696417166396,135.4454268391163,135.4454268391163,135.4454268391163,29.000534036594427,0.0,-2.0016789247004924e-16,9.579808657259605,7.627005988784029,7.627005988784029,203.47765406303816,144.31186388058975,144.31186388058975,144.31186388058973,0.0,0.0,1.0,0.0,,0.005451113974980932,0.03867039957635873
16,weekend_evening,67,moderate,0.0,0.0,192.12885034950367,136.46277626018463,136.46277626018463,136.4627762601846,28.97330306617475,0.0,-7.005561744241081e-17,19.374189895091256,14.84882909273429,14.84882909273429,215.87897643197783,153.03420957142325,153.03420957142325,153.03420957142322,0.0,0.0,1.0,0.0,,0.010902227949961865,0.07734079915271747
16,weekend_evening,67,severe,0.0,0.0,193.84043828753295,137.82455999059113,137.82455999059113,137.82455999059113,28.89793213005985,0.0,-4.735643470556069e-16,30.29233372935072,23.154338813876628,23.154338813876628,230.68594319135443,163.67408430404518,163.6740843040452,163.67408430404515,-1.7364819574983606e-14,0.0,1.0,0.0,,0.016353341924942796,0.11601119872907618
17,weekday_midday,68,mild,-0.2653020762235418,0.2653020762235418,150.14694204428878,119.16619476378628,119.35984582406823,119.16619476378628,20.50464418458772,-0.16250502977443407,-0.19663663687685554,8.010383459127992,6.584679764488524,6.720872449044259,159.5580005200656,128.12879879401711,126.85725647139996,128.12879879401711,0.992393852580568,0.51,0.0,0.49,0.51,-0.0004438480992740421,0.04028794901248243
17,weekday_midday,68,moderate,-0.2653020762235418,0.2653020762235418,150.42571755505932,119.21306538449898,119.35308934067461,119.21306538449898,20.656460025202406,-0.11745688756850503,-0.20863062793680817,15.933578020894323,12.53897883437825,12.722312661425825,168.81897037114516,136.80957169327687,133.96746277657928,136.80957169327687,2.0774196436120054,0.55,0.0,0.45,0.55,-0.0008876961985480842,0.08057589802496486
17,weekday_midday,68,severe,-0.2653020762235418,0.2653020762235418,150.97787743011912,119.48871058094288,119.54248139666127,119.48871058094288,20.821193520890425,-0.0450007498256242,-0.2623877482545867,24.671055270957435,19.15157171044591,19.30283984069511,178.98156703686618,146.0260856944081,141.81876851704217,146.0260856944081,2.8812093108971397,0.55,0.0,0.45,0.55,-0.0013315442978221212,0.12086384703744729
17,weekday_rush,69,mild,4.2139431293045835,0.3323462998862875,185.54406788694772,156.2209319926688,149.1191823831341,148.5775474587571,19.63139318795541,4.545965459909026,4.438698356651891,11.799208620553784,10.552390201635433,8.802626772670457,201.57910071416063,171.4689110384189,159.95005510021954,160.29725974575084,6.717751846933037,0.91,0.0,0.09,0.91,0.0003087881069336784,0.04431081892846295
17,weekday_rush,69,moderate,4.2139431293045835,0.3323462998862875,185.69050278907594,156.36778398410178,148.91463871922807,148.35562498031084,19.804924601675093,4.766419958750255,4.316851299416459,24.99297506874153,22.23635834728492,18.130257613203177,218.85309876495847,188.10228522154802,172.25974299145102,171.33460890594975,8.42230184042557,0.79,0.0,0.21,0.79,0.0006175762138673568,0.0886216378569259
17,weekday_rush,69,severe,4.2139431293045835,0.3323462998862875,186.09563544148347,156.7982729513286,148.86026290107796,148.29040185982416,20.008729625533814,5.062562170384792,3.799522103921498,40.30508386798326,35.89509929532648,28.80567072441799,239.02741805164044,208.1839033024907,185.96085732546126,185.26249362093455,10.67471866196082,0.7,0.0,0.3,0.7,0.000926364320801038,0.13293245678538884
17,weekend_midday,70,mild,0.0,0.6087051903859882,137.88572604552627,113.06326965588576,113.06326965588576,111.81847307347698,18.002194354363247,0.0,0.0,7.219884474800847,6.636482826965291,6.636482826965291,148.73042462683594,121.17485827899958,121.17485827899958,119.18729305417324,0.0,0.0,1.0,0.0,,0.0031055993431104655,0.039165623437593014
17,weekend_midday,70,moderate,0.0,0.6087051903859882,138.5123724556775,113.69648767009392,113.69648767009392,112.06411888625325,17.916005874149914,0.0,0.0,13.636421968137975,12.217565146936744,12.217565146936744,157.28690997062873,128.24998440637714,128.24998440637714,126.2505259663993,0.0,0.0,1.0,0.0,,0.006211198686220931,0.07833124687518603
17,weekend_midday,70,severe,0.0,0.6087051903859882,139.3635241525284,114.68586588874346,114.68586588874346,112.59175678665204,17.707401139466114,0.0,0.0,20.736622441069038,18.416727323176737,18.416727323176737,167.5173397691674,136.4632147021543,136.4632147021543,134.08846217799527,0.0,0.0,1.0,0.0,,0.00931679802933139,0.11749687031277904
17,weekend_evening,71,mild,5.785246188839535,0.5369516250683137,179.84774815203582,143.2483525079539,134.81145945349405,133.9163243187524,25.041341446471687,5.889696395629679,5.87445456696495,9.313519661022381,7.4346708033771085,7.57659935273414,192.13018430689218,152.60081252505555,144.3153785022454,143.1536317809418,5.429482245679229,0.98,0.0,0.02,0.98,-0.003983850013287337,0.03879901616378142
17,weekend_evening,71,moderate,5.785246188839535,0.5369516250683137,178.9916754863578,142.6702910568478,134.1741456189789,133.2068442643781,25.03889063309804,5.9550908426222655,5.830959629868914,19.772973608701356,15.379100732874042,14.581037688725207,205.5955142954008,161.886331066095,152.8290445471844,150.14018058193636,5.594843282483623,0.94,0.0,0.06,0.94,-0.007967700026574674,0.07759803232756284
17,weekend_evening,71,severe,5.785246188839535,0.5369516250683137,178.68144200639577,142.50853914608575,133.81878402099338,132.79862910839668,25.107620288735173,6.097708373941362,5.854608282803387,30.457312902942192,23.290516563804537,22.008410990065048,221.24855903392046,173.03730176467687,163.25165448448539,158.66458432778637,5.655224151321739,0.82,0.0,0.18,0.82,-0.01195155003986201,0.11639704849134423
18,weekday_midday,72,mild,0.8336582716794081,0.0,164.9616690188028,124.99035027163077,123.1836112915127,123.1836112915127,25.325918424435994,1.4455027737674462,1.3892345870464877,8.55074793699339,7.293572219544605,7.159501703820797,175.85357190226486,132.86712187027052,131.27609223761672,131.27609223761672,1.1974592436850238,0.65,0.0,0.35,0.65,0.0013485897563457825,0.042859192005487316
18,weekday_midday,72,moderate,0.8336582716794081,0.0,164.92738221868197,125.5369850274752,123.30688190003275,123.30688190003275,25.235652054104275,1.7764510808940999,1.5999512701775993,16.96551419493043,14.420994215503903,13.839268448945548,185.97599115657238,141.66442064621162,138.67877177243142,138.67877177243142,2.107550265734312,0.61,0.0,0.39,0.61,0.002697179512691565,0.08571838401097463
18,weekday_midday,72,severe,0.8336582716794081,0.0,165.20371143340162,126.47818457818259,123.6953268626202,123.6953268626202,25.125576302512215,2.2002669668634915,1.7666819229343702,25.96842285131297,22.296697406859675,21.183559596383322,197.43529679138615,152.22867570893902,147.90233346821574,147.90233346821574,2.842002152731879,0.6,0.0,0.4,0.6,0.004045769269037344,0.12857757601646194
18,weekday_rush,73,mild,0.0,0.0,187.74037765326491,138.87756688315264,138.87756688315264,138.87756688315264,26.026799019418355,0.0,0.0,10.57223287907424,8.370366029837635,8.370366029837635,200.26919604199074,150.5972642053304,150.5972642053304,150.59726420533042,0.0,0.0,1.0,0.0,,-0.0018661589311043136,0.03998138303073127
18,weekday_rush,73,moderate,0.0,0.0,187.00388831323255,138.5779206878108,138.5779206878108,138.5779206878108,25.89570091949531,0.0,0.0,21.663898485378816,17.039430615477873,17.039430615477873,211.50607060962585,160.52260091701015,160.52260091701015,160.52260091701015,0.0,0.0,1.0,0.0,,-0.003732317862208627,0.07996276606146253
18,weekday_rush,73,severe,0.0,0.0,186.43145590298948,138.41628231204248,138.41628231204248,138.41628231204248,25.754867041285102,0.0,0.0,34.35275266483227,27.297007414630507,27.297007414630507,224.59092774599895,173.28111388506315,173.28111388506315,173.28111388506312,0.0,0.0,1.0,0.0,,-0.0055984767933129394,0.11994414909219378
18,weekend_midday,74,mild,-0.8414147732984717,0.8414147732984717,155.1931528893694,108.51360192152433,109.56280396040788,108.51360192152433,29.40229519113479,-0.9668852754904586,-1.0211927820039963,7.754104630497273,5.825506305663481,5.918869384897603,164.77160018000973,115.43984751844326,116.15482209318229,115.43984751844327,-0.6193481627951763,0.38,0.0,0.62,0.38,0.005875619413814619,0.03747728954011962
18,weekend_midday,74,moderate,-0.8414147732984717,0.8414147732984717,156.34165451217984,109.32057111018185,110.48101489903347,109.32057111018185,29.333602587385688,-1.0615054212276633,-1.211655345122104,14.741725897767683,10.75315701287588,10.835518938850791,174.05485071794232,122.0726668401559,122.2184867905353,122.0726668401559,-0.11945339948239998,0.39,0.0,0.61,0.39,0.011751238827629238,0.07495457908023924
18,weekend_midday,74,severe,-0.8414147732984717,0.8414147732984717,157.79585017781244,110.41834177678213,111.71002043532752,110.41834177678213,29.205983357960964,-1.1698044344449638,-1.5401322816707304,22.319022700683874,16.246272403362724,16.287277648679606,184.42039524320376,129.2932155480902,129.48694076363282,129.2932155480902,-0.14983401466302956,0.42,0.0,0.58,0.42,0.017626858241443853,0.11243186862035884
18,weekend_evening,75,mild,0.0,0.0,197.00348107103423,128.91905865795877,128.91905865795877,128.91905865795877,34.56000982466194,0.0,4.839677556697534e-18,12.330350618956077,8.11393857009494,8.11393857009494,211.82732548156815,138.722247306305,138.722247306305,138.722247306305,0.0,0.0,1.0,0.0,,0.0008613432775805874,0.043972554123195395
18,weekend_evening,75,moderate,0.0,0.0,197.57357473198036,129.3309536131486,129.3309536131486,129.3309536131486,34.54035855321578,0.0,-3.8357342124820654e-16,25.40055243815359,16.178770558104024,16.178770558104024,229.7448228978134,149.3343127731971,149.3343127731971,149.3343127731971,0.0,0.0,1.0,0.0,,0.0017226865551611748,0.08794510824639079
18,weekend_evening,75,severe,0.0,0.0,198.48465519884599,130.03666124539498,130.036661245395,130.03666124539498,34.4852824440652,-2.1856689612146215e-14,1.0417274930138592e-15,40.49239681712463,25.453787464901758,25.453787464901758,249.9978208195707,161.76987533011422,161.76987533011422,161.76987533011422,0.0,0.0,1.0,0.0,,0.0025840298327417625,0.13191766236958616
19,weekday_midday,76,mild,5.548643592989003,0.3572844995763997,168.97833225002992,121.86715089218114,115.19021372189444,114.6979122665346,31.831370218844114,5.478865404996591,5.4134031922260775,9.102040732622923,6.836533473959568,6.005931274978169,181.46820395699473,129.25538553903993,121.66710308648054,121.85177184350994,5.870766947863425,0.96,0.0,0.04,0.96,-0.0015360687493051568,0.0415351813312649
19,weekday_midday,76,moderate,5.548643592989003,0.3572844995763997,168.55726102099726,121.81020921913445,115.1878942774691,114.65726102884896,31.662454895301078,5.436584490017517,5.231624259950796,18.45011449321372,13.079334546837392,11.3222442713173,191.91672929052848,135.53330159895972,128.36159439061285,127.75069969656798,5.29147237154143,0.89,0.0,0.11,0.89,-0.0030721374986103136,0.0830703626625298
19,weekday_midday,76,severe,5.548643592989003,0.3572844995763997,168.31980696947733,122.020348939618,115.37531725280813,114.89095266386329,31.454699639876615,5.44583894781204,4.931222767506821,28.918710113706634,20.07336903631267,17.131970476810384,204.5912035842543,143.55471851175324,135.07255341573457,134.89652497890486,5.908663389092434,0.78,0.0,0.22,0.78,-0.004608206247915468,0.1246055439937947
19,weekday_rush,77,mild,3.5709383486402895,0.0,200.49212091577596,142.20393625681515,137.62081962891816,137.62081962891816,31.358489799840655,3.222918259885617,3.1906545742766514,11.731364010119705,8.262185729937686,7.678569555301927,216.93248747486697,152.00498172686417,148.56931951828972,148.56931951828972,2.2602300066375154,0.93,0.0,0.07,0.93,-0.005415555805548693,0.03884374038557741
19,weekday_rush,77,moderate,3.5709383486402895,0.0,199.3403163614084,141.399232898759,137.167268887443,137.167268887443,31.189399419455277,2.9929186492447832,2.8606268570772664,24.77225727686876,16.689323271612146,15.30157105084698,235.87088272964516,163.1564518145733,159.65894298205717,159.65894298205717,2.143653403600023,0.85,0.0,0.15,0.85,-0.010831111611097385,0.07768748077115482
19,weekday_rush,77,severe,3.5709383486402895,0.0,198.21501649188392,140.67905821004078,136.92448714936128,136.92448714936128,30.9212341361797,2.668891239713686,2.2683311716797876,40.12566580091536,26.540682477586362,24.12218194886725,257.2655009353502,174.80027390852538,172.7764191913687,172.77641919136872,1.1578098088197488,0.78,0.0,0.22,0.78,-0.016246667416646075,0.11653122115673221
19,weekend_midday,78,mild,1.4357682592237355,0.0,136.7699139681015,108.14944894545376,107.05441223070416,107.05441223070416,21.726636272015064,1.012521770038689,0.9739401108429421,7.145989647631949,5.9238611716662755,5.87780318520427,147.36563497046768,115.45632788488591,113.70433372527447,113.70433372527447,1.517451829368974,0.65,0.0,0.35,0.65,0.000908006490441375,0.03952685304704485
19,weekend_midday,78,moderate,1.4357682592237355,0.0,136.45838788980222,108.16712255671916,107.2912210827922,107.2912210827922,21.374403771033947,0.8097668249126863,0.7201744807297716,13.202196049628116,10.717773055323024,10.665087297555225,155.34379344053053,121.68870719993176,119.41325630725737,119.41325630725737,1.8698948694851953,0.55,0.0,0.45,0.55,0.00181601298088275,0.0790537060940897
19,weekend_midday,78,severe,1.4357682592237355,0.0,136.26560740975253,108.43298248795426,107.90731412667554,107.90731412667554,20.81104236214441,0.48478640835791326,0.2684291025264086,19.576064976151603,15.84340369831912,15.696107261104125,164.27532514229435,128.33876356295764,126.5211582409899,126.5211582409899,1.4162559085868796,0.52,0.0,0.48,0.52,0.002724019471324127,0.11858055914113451
19,weekend_evening,79,mild,-1.0169599564282126,1.0169599564282126,175.90983371636537,131.06021839476077,132.56193969328524,131.06021839476077,24.642109600861588,-1.1458254204957932,-1.1937586785701777,10.395213632248339,7.907928847219865,7.7535866671837494,187.88977231898392,141.13333339677618,141.51595727894014,141.13333339677618,-0.27110808832684663,0.31,0.0,0.69,0.31,-0.01199344153211863,0.039822247895232706
19,weekend_evening,79,moderate,-1.0169599564282126,1.0169599564282126,172.9337945197153,128.79673153439595,130.48424328748118,128.79673153439595,24.546706645816798,-1.3102131808636557,-1.480363758831973,20.97566373702731,15.564914962480682,15.176825388139026,195.86452551352804,147.4401712361781,147.6424775518768,147.4401712361781,-0.13721248015552057,0.36,0.0,0.64,0.36,-0.02398688306423726,0.07964449579046541
19,weekend_evening,79,severe,-1.0169599564282126,1.0169599564282126,169.9070847112579,126.55352736699093,128.4646380959861,126.55352736699093,24.3912410631373,-1.5101204753093522,-1.9664514946584433,32.750523132328375,24.098022783652738,23.396615338991754,206.90007320402145,155.69575855282957,155.0176662796033,155.69575855282955,0.435523921479328,0.39,0.0,0.61,0.39,-0.03598032459635589,0.11946674368569808
20,weekday_midday,80,mild,0.705175726455916,0.0,113.28423626233116,98.18420273518672,97.3414382181682,97.3414382181682,14.073271419021083,0.8583504204760402,0.8113303413691106,6.286931502482973,5.698258531494934,5.2070794176854,121.13643076641415,105.14819615754422,104.26253347214313,104.26253347214313,0.8422994571148827,0.62,0.0,0.38,0.62,-0.002258864458441937,0.041203754748095234
20,weekday_midday,80,moderate,0.705175726455916,0.0,112.66913361786638,97.7656066782267,96.86049216332408,96.86049216332408,14.031031345425612,0.9258005403491232,0.7907627349109855,11.987715868576043,10.929660291004202,10.037920878726808,127.717088249726,110.89251331727995,109.9705993475655,109.9705993475655,0.8313581703002078,0.59,0.0,0.41,0.59,-0.004517728916883874,0.08240750949619047
20,weekday_midday,80,severe,0.705175726455916,0.0,112.19450844798872,97.56206962609923,96.53098827745075,96.53098827745072,13.961039971755207,1.0568465312390787,0.734307145073002,18.22755257892267,16.76256830657332,15.304600073735893,134.8040011351771,117.14193614739524,116.51447408620677,116.51447408620677,0.5356425562225261,0.53,0.0,0.47,0.53,-0.006776593375325807,0.12361126424428569
20,weekday_rush,81,mild,5.340530567053366,0.0,142.27026725725537,129.04419474411395,122.24677045267241,122.24677045267241,14.074266669068777,5.267516531774548,5.220795932166826,8.71213770427597,7.616084964003946,7.177179964178233,153.47843322648376,138.61809929098462,130.57306787409763,130.57306787409763,5.803738081849614,0.97,0.0,0.03,0.97,-0.004253860733706565,0.04123600798240148
20,weekday_rush,81,moderate,5.340530567053366,0.0,141.3762033391407,128.39607146873732,121.81837760949409,121.81837760949409,13.833888071481345,5.122971274744029,4.920092880994634,17.929305295893837,15.986947440448198,14.511288869006673,163.24518218781756,148.84785815818998,139.195768360891,139.19576836089104,6.4845338836122774,0.83,0.0,0.17,0.83,-0.00850772146741313,0.08247201596480296
20,weekday_rush,81,severe,5.340530567053366,0.0,140.6131627932096,127.83502337768851,121.60859016445346,121.60859016445343,13.515500434838303,4.870678667487752,4.267613571662184,28.61411008074078,25.752827096647415,22.953973642127746,175.78555303578028,161.2234760849907,149.23248521424577,149.23248521424577,7.437496797565475,0.68,0.0,0.32,0.68,-0.01276158220111969,0.12370802394720443
20,weekend_midday,82,mild,0.0,0.0,106.95619412437124,91.22391889456281,91.22391889456281,91.22391889456281,14.709082871361852,0.0,5.527962042184716e-17,5.983342686530014,5.072509065777356,5.072509065777357,114.21039815420252,97.32400387469157,97.32400387469157,97.32400387469157,0.0,0.0,1.0,0.0,,-0.0014818667611467356,0.034969636667435584
20,weekend_midday,82,moderate,0.0,0.0,106.52141220051192,90.77641890177476,90.77641890177476,90.77641890177476,14.781059482293918,0.0,-1.9142879756604175e-15,10.856225376208169,9.07702325890002,9.077023258900018,118.88688267996248,101.88015953821804,101.88015953821804,101.88015953821804,0.0,0.0,1.0,0.0,,-0.002963733522293471,0.06993927333487117
20,weekend_midday,82,severe,0.0,0.0,106.41881074828838,90.62466339846853,90.62466339846853,90.62466339846853,14.841499579597475,0.0,1.1212848468725e-15,16.258945605462458,13.586498675307974,13.586498675307974,124.50332884987588,107.15982994686291,107.15982994686294,107.15982994686293,-2.652272726122971e-14,0.0,1.0,0.0,,-0.004445600283440206,0.10490891000230673
20,weekend_evening,83,mild,0.0,0.0,138.92074657100136,112.2288369136968,112.2288369136968,112.2288369136968,19.213767789293104,0.0,-8.233579564878619e-16,8.221670567873334,6.829968329353294,6.829968329353296,148.33306190049228,119.93059655126473,119.93059655126474,119.93059655126474,-1.1849232075759354e-14,0.0,1.0,0.0,,0.002055822654163981,0.0394614755250115
20,weekend_evening,83,moderate,0.0,0.0,139.65605657310252,112.62693756220979,112.62693756220979,112.62693756220979,19.35406145221093,0.0,-3.086649475629607e-16,16.696746697097574,13.538075987176393,13.538075987176397,158.7217749281347,127.56498376433899,127.56498376433899,127.56498376433899,0.0,0.0,1.0,0.0,,0.004111645308327962,0.078922951050023
20,weekend_evening,83,severe,0.0,0.0,140.7564772898392,113.27525179673256,113.27525179673256,113.27525179673256,19.52395088470322,0.0,-1.2390483221778227e-16,26.40367519788637,21.163303190963823,21.16330319096382,171.65255846075672,137.07049517316221,137.0704951731622,137.0704951731622,2.0735103783274905e-14,0.0,1.0,0.0,,0.0061674679624919414,0.1183844265750345
21,weekday_midday,84,mild,0.0,0.0,190.6120805982548,122.38831177676555,122.38831177676555,122.38831177676555,35.79194383029776,0.0,0.0,9.156067867638722,7.014785065301413,7.014785065301413,202.6398095436853,130.63291607397625,130.63291607397625,130.63291607397625,0.0,0.0,1.0,0.0,,-0.003996275861978326,0.038347689573719035
21,weekday_midday,84,moderate,0.0,0.0,189.6658024647531,121.99060232972565,121.99060232972565,121.99060232972565,35.681287430613125,0.0,0.0,18.555225737879006,13.199570642427643,13.199570642427643,214.97294964533427,138.36815040513707,138.36815040513707,138.36815040513707,0.0,0.0,1.0,0.0,,-0.007992551723956652,0.07669537914743807
21,weekday_midday,84,severe,0.0,0.0,188.81986216067435,121.86038695956722,121.86038695956722,121.86038695956722,35.46209304195373,0.0,0.0,29.104478006101854,20.334072291376227,20.334072291376227,229.03795879119002,147.05610359445276,147.05610359445276,147.05610359445276,0.0,0.0,1.0,0.0,,-0.011988827585934978,0.1150430687211571
21,weekday_rush,85,mild,0.6945368743085922,0.0,230.1462961911179,150.59363384505912,149.29407696961513,149.29407696961513,35.13079313445111,0.8629560508388121,0.838115926784041,14.050163427404609,9.888285105197136,9.476252912110048,245.7124153655267,164.13147098786374,161.17942733200837,161.1794273320084,1.7985847796816758,0.72,0.0,0.28,0.72,-0.0028012360299236897,0.043959387026406206
21,weekday_rush,85,moderate,0.6945368743085922,0.0,229.02355794914453,149.84264610365466,148.41698104710403,148.41698104710403,35.19575786170411,0.9514414578373197,0.8723690314620676,30.478218148179938,20.66267571656388,19.932398209374004,263.3081780410963,177.2561661409075,173.183648000466,173.183648000466,2.2975325649343596,0.64,0.0,0.36,0.64,-0.0056024720598473795,0.08791877405281241
21,weekday_rush,85,severe,0.6945368743085922,0.0,227.71744797193304,149.14242342311937,147.47210799016958,147.47210799016958,35.238994945900664,1.1199465548518555,0.9197353190567162,49.69220057829441,33.28262788222742,32.122018013651605,284.89114410069317,192.36961633317514,187.8564842966946,187.8564842966946,2.3460732118236507,0.61,0.0,0.39,0.61,-0.008403708089771068,0.1318781610792186
21,weekend_midday,86,mild,1.062147497914787,0.0,170.52945692818273,115.95823523402346,115.58440828245264,115.58440828245264,32.22026835449889,0.32238068371459194,0.2274142022161471,8.767801192434506,6.0867409830150585,5.892054278631944,180.7722597368556,124.36358109840744,122.76073701808002,122.76073701808002,1.2888371870371789,0.51,0.0,0.49,0.51,0.005354992250163695,0.038621215030161554
21,weekend_midday,86,moderate,1.062147497914787,0.0,172.09298636642575,116.57273767433799,116.66510866415325,116.66510866415325,32.20809800130595,-0.07923892983736579,-0.36127231032597024,16.869572069930665,11.470629571668875,10.828595348548587,191.6795377197538,131.8331783384579,129.42893777879297,129.42893777879297,1.8236991552251645,0.46,0.0,0.54,0.46,0.01070998450032739,0.07724243006032311
21,weekend_midday,86,severe,1.062147497914787,0.0,173.97931221959672,117.44744822487537,118.08573075862374,118.0857307586237,32.12656766364503,-0.5434622406833854,-1.221088807140653,25.70257802067625,17.491163858681134,16.31225187628293,204.2379925475664,140.55535710179197,137.51397277769325,137.51397277769325,2.1638337995869525,0.47,0.0,0.53,0.47,0.01606497675049108,0.11586364509048465
21,weekend_evening,87,mild,1.500280804390133,0.7321774753415355,193.2498523328224,129.65329428382063,126.94363179809774,126.84523009590504,34.31113645589209,2.089929531440394,2.0446383041335907,11.106365959805025,7.808058578115491,7.413597087834275,207.80165348512713,140.2385693448724,135.4137337012015,136.50799548814703,3.4404484202956587,0.78,0.0,0.22,0.78,-0.010233091175679509,0.04324785006279698
21,weekend_evening,87,moderate,1.500280804390133,0.7321774753415355,190.2457490350994,127.6041431587509,124.4915653092685,124.95745149880685,34.562761091549845,2.439245131414019,2.295626854798907,22.773900621730743,15.62865296909821,14.67688587314658,220.45426837827458,148.64473658100732,140.7941550845913,141.503234063862,5.281439273927923,0.72,0.0,0.28,0.72,-0.020466182351359018,0.08649570012559396
21,weekend_evening,87,severe,1.500280804390133,0.7321774753415355,187.04899312672032,125.50316218731957,121.87709999077903,123.09901987012485,34.8421512709182,2.8892197880468307,2.5147697035352454,35.842115494386384,24.50299599333688,22.729935327958927,233.92483830047019,158.70275749220764,147.42032724326975,148.17418886930764,7.109158295180761,0.69,0.0,0.31,0.69,-0.030699273527038527,0.12974355018839095
22,weekday_midday,88,mild,0.0,0.0,143.3639952626817,125.14612618566463,125.14612618566463,125.14612618566463,12.707422839072665,0.0,0.0,7.007991036298714,6.996723661377072,6.996723661377072,151.9565756362409,134.23685762622046,134.23685762622046,134.23685762622046,0.0,0.0,1.0,0.0,,-0.002713517780572785,0.04023189886201459
22,weekday_midday,88,moderate,0.0,0.0,143.01409026516183,124.4587860684224,124.4587860684224,124.4587860684224,12.974458783981435,0.0,0.0,13.74658725851457,13.574545266143978,13.574545266143978,160.98790247239128,142.92367422554386,142.92367422554386,142.92367422554386,0.0,0.0,1.0,0.0,,-0.00542703556114557,0.08046379772402917
22,weekday_midday,88,severe,0.0,0.0,142.8667797513137,123.88467717107169,123.88467717107169,123.88467717107169,13.286575516914356,0.0,0.0,21.090962716547367,20.951083790027013,20.951083790027013,170.74649478996275,152.52368835498814,152.52368835498814,152.52368835498814,0.0,0.0,1.0,0.0,,-0.008140553341718358,0.12069569658604376
22,weekday_rush,89,mild,6.700480459725601,0.0,176.70495564588936,153.0473674125105,142.76608409960542,142.76608409960542,19.206519377020907,6.717713271861656,6.714708668901165,10.712447495806176,9.028504359842644,8.863405291577303,187.66794397272403,165.08341418892198,153.3614128309435,153.3614128309435,7.100653579022656,1.0,0.0,0.0,1.0,-0.004879633102858807,0.03910005505860886
22,weekday_rush,89,moderate,6.700480459725601,0.0,174.94927951994654,151.6442334204787,141.50555708965132,141.50555708965132,19.1162390162814,6.6858304481087,6.63804679644786,21.86602423866841,18.589937067570805,17.418264583318134,199.7733705891239,175.84688583932464,163.23088038108742,163.23088038108742,7.174426432416188,0.95,0.0,0.05,0.95,-0.009759266205717614,0.07820011011721772
22,weekday_rush,89,severe,6.700480459725601,0.0,173.12369919568962,150.17303222061253,140.27388439493635,140.27388439493635,18.97476483772544,6.591827892995983,6.395602433778689,34.855149626336136,29.80030752214345,27.214146188526563,213.8866000514972,190.83446400462802,173.94311492736148,173.94311492736148,8.85130951862914,0.85,0.0,0.15,0.85,-0.01463889930857642,0.11730016517582657
22,weekend_midday,90,mild,0.0,0.0,129.17428073721058,111.86227223418676,111.86227223418676,111.86227223418676,13.402055273094959,0.0,0.0,6.242948240308085,6.228380212539198,6.228380212539198,137.82411086634926,120.09536857252948,120.09536857252948,120.09536857252947,0.0,0.0,1.0,0.0,,-0.0008390422346756773,0.03501598841378492
22,weekend_midday,90,moderate,0.0,0.0,128.8474023992897,111.65880462012338,111.65880462012338,111.65880462012338,13.340274975742222,0.0,0.0,11.39949826726602,11.131151387139868,11.131151387139868,143.94138338355202,126.60655998208257,126.60655998208257,126.6065599820826,0.0,0.0,1.0,0.0,,-0.0016780844693513547,0.07003197682756984
22,weekend_midday,90,severe,0.0,0.0,128.7422573467174,111.69954626304735,111.69954626304735,111.69954626304734,13.237853238639511,0.0,0.0,17.03455610484265,16.65103421299572,16.65103421299572,151.14475428653597,133.8859345495132,133.8859345495132,133.8859345495132,0.0,0.0,1.0,0.0,,-0.002517126704027034,0.10504796524135476
22,weekend_evening,91,mild,1.9042339298621025,0.0,172.8651717686444,133.12115715019326,130.36106014002996,130.36106014002996,24.588013417474386,2.0733721590544976,2.07647435087764,9.491054792409297,7.739823187270402,8.017251911885616,183.3944328868985,143.105113388857,139.72269057308026,139.72269057308026,2.3635932607004415,0.87,0.0,0.13,0.87,-0.0040179306881101065,0.04138324355354437
22,weekend_evening,91,moderate,1.9042339298621025,0.0,171.8479243882524,132.77789643990994,129.89790937023687,129.89790937023687,24.411126970168546,2.16902598014605,2.1645301825280003,19.76590529533965,15.332836026702278,15.418750770007335,194.24631776189156,150.9679035302031,147.14051797688109,147.14051797688109,2.5352313066706254,0.78,0.0,0.22,0.78,-0.008035861376220213,0.08276648710708874
22,weekend_evening,91,severe,1.9042339298621025,0.0,170.93717668763594,132.73033313079296,129.60043503975206,129.60043503975206,24.182417452360912,2.3580880249555967,2.3335113869516744,31.601157697071525,23.946407222147972,23.83919583195162,206.57229794923327,160.67340143450102,156.4301607229656,156.4301607229656,2.640910489011572,0.72,0.0,0.28,0.72,-0.01205379206433032,0.1241497306606331
23,weekday_midday,92,mild,0.0,0.0,114.76406213360104,87.9776827651764,87.9776827651764,87.9776827651764,23.34038972691786,0.0,1.1405486526767376e-15,6.680679934016379,5.189152991043603,5.189152991043603,123.47719532219702,95.06473348007133,95.06473348007133,95.06473348007133,0.0,0.0,1.0,0.0,,-0.003070203032087015,0.04340120028876129
23,weekday_midday,92,moderate,0.0,0.0,114.65251975940768,87.92351088384126,87.92351088384126,87.92351088384126,23.313058388647583,0.0,5.956949591057542e-16,12.776904780112657,9.629028977299301,9.629028977299301,130.7755237756931,100.94677280814935,100.94677280814935,100.94677280814935,0.0,0.0,1.0,0.0,,-0.00614040606417403,0.08680240057752257
23,weekday_midday,92,severe,0.0,0.0,114.92871419825116,88.30165529714148,88.30165529714147,88.30165529714148,23.168325763375563,1.6093531505588934e-14,-3.525349749954027e-16,19.471770266181817,14.48383053255896,14.48383053255896,139.78589320579488,108.35190001590706,108.35190001590706,108.35190001590706,0.0,0.0,1.0,0.0,,-0.009210609096261046,0.13020360086628385
23,weekday_rush,93,mild,0.0,0.0,134.73279446220585,107.8785081903276,107.8785081903276,107.8785081903276,19.931514357041856,0.0,0.0,8.090913118113862,6.668507134857053,6.668507134857053,146.05081745090465,116.5498092086976,116.5498092086976,116.5498092086976,0.0,0.0,1.0,0.0,,-0.005594885957627258,0.04206837097522809
23,weekday_rush,93,moderate,0.0,0.0,133.7751650514766,106.89526796176283,106.89526796176283,106.89526796176283,20.093338759380636,0.0,0.0,16.500768126948078,13.468134204777634,13.468134204777634,156.71454143530573,126.14667809329677,126.14667809329677,126.14667809329677,0.0,0.0,1.0,0.0,,-0.011189771915254516,0.08413674195045617
23,weekday_rush,93,severe,0.0,0.0,132.88573284860138,105.97456546764067,105.97456546764067,105.97456546764067,20.2513594229269,0.0,0.0,26.3399485937657,21.545900866010047,21.545900866010047,169.59202618484008,136.89520306528084,136.89520306528084,136.89520306528084,0.0,0.0,1.0,0.0,,-0.016784657872881775,0.12620511292568426
23,weekend_midday,94,mild,0.0,0.0,101.5214116330643,79.60520600230087,79.60520600230087,79.60520600230087,21.587766834819686,0.0,-5.016973664270649e-16,5.298768601037467,5.068447192168099,5.0684471921681,107.51576468219307,86.82912130036918,86.8291213003692,86.8291213003692,-1.6366461507818555e-14,0.0,1.0,0.0,,-0.0026172096998027077,0.04214372371867088
23,weekend_midday,94,moderate,0.0,0.0,101.30323390457643,79.52343020877112,79.52343020877112,79.5234302087711,21.499613444049587,0.0,2.045779592652906e-16,9.799219730955727,9.054210094497828,9.054210094497828,112.62949808088777,92.0704719331449,92.0704719331449,92.0704719331449,0.0,0.0,1.0,0.0,,-0.005234419399605415,0.08428744743734176
23,weekend_midday,94,severe,0.0,0.0,101.39643964867622,79.82559658789846,79.82559658789846,79.82559658789846,21.273767733381533,0.0,-1.9542557941633215e-16,14.666428927197176,13.39604484871311,13.396044848713114,118.08873074999624,98.34062715921314,98.34062715921314,98.34062715921314,0.0,0.0,1.0,0.0,,-0.007851629099408126,0.12643117115601263
23,weekend_evening,95,mild,0.0,0.0,124.73925200992726,102.5698827059565,102.5698827059565,102.5698827059565,17.77256873578689,0.0,-7.378737952911441e-16,7.251235806714849,6.4912194110947485,6.4912194110947485,132.3998808221275,110.00791357637135,110.00791357637135,110.00791357637135,0.0,0.0,1.0,0.0,,-0.004359983831578017,0.04301459184176641
23,weekend_evening,95,moderate,0.0,0.0,124.15461904241688,101.78774972130488,101.78774972130488,101.78774972130488,18.015334019486186,0.0,2.5625568042039673e-16,14.45996622994301,12.878288179268072,12.878288179268072,139.81765716761652,116.88716210654832,116.88716210654832,116.88716210654832,0.0,0.0,1.0,0.0,,-0.008719967663156034,0.08602918368353282
23,weekend_evening,95,severe,0.0,0.0,123.7811219670477,101.14927720141841,101.14927720141841,101.14927720141841,18.283761211709006,0.0,8.050072664708322e-16,22.564473245683576,20.247107900604796,20.247107900604796,148.55424512463713,125.3039505291755,125.3039505291755,125.3039505291755,0.0,0.0,1.0,0.0,,-0.013079951494734059,0.12904377552529922
24,weekday_midday,96,mild,1.9051608363774808,0.0,135.81955261518485,105.09369123364947,103.23268243994426,103.23268243994426,23.992768012988822,1.7708092387465235,1.7276469578192064,7.217174972357931,6.0216424096210055,5.904901795313059,144.7244790278963,111.5148988053314,111.0902340987607,111.09023409876072,0.38081432267810345,0.75,0.0,0.25,0.75,-0.007812386823535653,0.036398260888947376
24,weekday_midday,96,moderate,1.9051608363774808,0.0,134.6466433440949,103.87395766075397,102.1995295416031,102.19952954160311,24.097974518066454,1.6119806704770554,1.442703218687876,13.806346205799025,11.3319707864511,10.732621655344198,151.50363496299963,116.43301945813124,115.72326307495649,115.72326307495648,0.6095834209899317,0.63,0.0,0.37,0.63,-0.015624773647071306,0.07279652177789475
24,weekday_midday,96,severe,1.9051608363774808,0.0,133.6143149946254,102.73323752886512,101.40630891103916,101.40630891103916,24.105206156153102,1.291625426924881,0.8059095436817708,21.203642246363376,17.377221694934033,16.165575531176405,158.9947180420144,122.40753850281395,121.61433678673785,121.61433678673787,0.6480007079448488,0.62,0.0,0.38,0.62,-0.023437160470606958,0.10919478266684213
24,weekday_rush,97,mild,3.847553692584232,1.2450096956225238,161.51225283931475,140.27449780020766,135.06099559709557,133.46640417541684,16.377244931711157,3.716642928593944,3.610677421838937,9.784608615825967,9.460061873905676,8.49019167933958,172.7443166009935,151.79317953780182,145.4808840787964,143.87952218411846,4.158484246937742,0.8,0.0,0.2,0.8,-0.002048015847747368,0.04303103155862187
24,weekday_rush,97,moderate,3.847553692584232,1.2450096956225238,161.483922853311,139.94323755150842,134.9068410426289,133.34937261780283,16.458035785286317,3.5988852316109785,3.1977226483888836,20.187087591626188,19.908952441273065,17.624327323514798,183.52723128331633,164.8839389064265,155.216936611242,154.53636952973895,5.862913246311165,0.72,0.0,0.28,0.72,-0.004096031695494736,0.08606206311724374
24,weekday_rush,97,severe,3.847553692584232,1.2450096956225238,161.94495656660675,140.14867997210692,135.22018161456333,133.71686912911525,16.502381746634832,3.516621318534347,2.4783055509897607,31.839567791601073,31.45029935751436,27.7730192469374,196.88614128161927,180.815588146042,168.3942322398647,167.1113592953627,6.869626691778786,0.65,0.0,0.35,0.65,-0.006144047543242106,0.1290930946758656
24,weekend_midday,98,mild,-0.583974172172018,1.6993462655653897,122.77009726944745,97.27667018738644,97.8865515844645,97.64656336725606,20.268409196068514,-0.6269554620889325,-0.6564341216183113,6.297931101786573,5.2991779369398,5.263931593248922,130.3852514204946,105.125048989686,104.55807904324757,103.87834929167873,0.5393290675127732,0.41,0.0,0.59,0.41,0.002511884239647003,0.04208903473265237
24,weekend_midday,98,moderate,-0.583974172172018,1.6993462655653897,123.68062258774094,97.80895456137495,98.42851281035796,98.50225883928665,20.417191674038307,-0.6334371446473644,-0.7186407236661974,11.919034762761825,9.875167390551699,9.737825716908667,137.844455505934,112.57225629683494,110.49565248780772,110.67392514841428,1.8446852513567362,0.46,0.0,0.54,0.46,0.005023768479294006,0.08417806946530473
24,weekend_midday,98,severe,-0.583974172172018,1.6993462655653897,124.94873582461177,98.6623204755559,99.29574445575457,99.86187529160671,20.53081305669697,-0.6420120438537682,-0.8411654206418987,17.989511233308097,14.95152085229053,14.681855675424663,146.23433494297572,120.92055880302036,118.00174579786065,117.7481362636656,2.413826924100188,0.48,0.0,0.52,0.48,0.007535652718941006,0.1262671041979571
24,weekend_evening,99,mild,0.0,0.0,135.49514802085258,112.32974436734204,112.32974436734204,112.32974436734204,17.096851062109916,0.0,0.0,6.534934549158476,6.163816304185073,6.163816304185073,143.3541514416319,119.52408204186692,119.52408204186692,119.5240820418669,0.0,0.0,1.0,0.0,,-0.0008046582552331469,0.0383415540702829
24,weekend_evening,99,moderate,0.0,0.0,135.34328643325426,112.03611198049006,112.03611198049006,112.03611198049003,17.220783584458278,0.0,0.0,12.840807131328523,11.966546349978765,11.966546349978765,151.0778134386461,126.01778140480862,126.01778140480862,126.01778140480862,0.0,0.0,1.0,0.0,,-0.0016093165104662938,0.0766831081405658
24,weekend_evening,99,severe,0.0,0.0,135.34628003648174,111.75695486157773,111.75695486157773,111.75695486157773,17.428868505691966,0.0,0.0,19.875255931571033,18.77762853943317,18.77762853943317,159.91637719158587,134.58858733192898,134.58858733192898,134.58858733192898,0.0,0.0,1.0,0.0,,-0.0024139747656994415,0.11502466221084867
25,weekday_midday,100,mild,1.4352016593567538,0.0,171.46548457308552,126.96904805628314,125.33355308458553,125.33355308458553,26.904500111704227,1.2881052482748587,1.2697244516277602,7.714895900976482,6.1778667750135545,6.146776827067206,182.54067634144357,135.52959705863103,133.1204214611291,133.1204214611291,1.777601092150892,0.73,0.0,0.27,0.73,0.005961064172354485,0.03395107693007806
25,weekday_midday,100,moderate,1.4352016593567538,0.0,172.84712469306902,127.92558126078723,126.34262097026216,126.34262097026216,26.90499122006606,1.2374071510357771,1.1699734214152178,15.354545926088091,11.6466743109092,11.41354775257253,194.7795967722337,143.25400240882135,141.38885891190688,141.38885891190688,1.3019835156798507,0.66,0.0,0.34,0.66,0.01192212834470897,0.06790215386015612
25,weekday_midday,100,severe,1.4352016593567538,0.0,174.633410283133,129.23819093382608,127.72818806407498,127.72818806407498,26.85924883618239,1.168387501279911,0.9823425597816879,23.985714120079376,17.84139547452458,17.332797007215486,208.85836074004519,152.4994760114864,150.62420027586387,150.62420027586387,1.229693232179549,0.6,0.0,0.4,0.6,0.017883192517063454,0.10185323079023419
25,weekday_rush,101,mild,0.0,0.0,206.4064772695165,157.56354114650375,157.56354114650375,157.56354114650375,23.663470628024815,0.0,3.8860177450564687e-16,11.000425954420171,8.34237562712255,8.342375627122552,220.88890832749428,168.54207404366954,168.54207404366954,168.54207404366952,0.0,0.0,1.0,0.0,,-0.0006937404836390017,0.038791339407915404
25,weekday_rush,101,moderate,0.0,0.0,205.79887316312605,157.2377564416277,157.2377564416277,157.2377564416277,23.596395828176604,0.0,4.916526022108455e-16,23.549323069841087,17.36783363408606,17.36783363408606,236.14326701127524,180.8165370247874,180.8165370247874,180.8165370247874,0.0,0.0,1.0,0.0,,-0.0013874809672780033,0.07758267881583081
25,weekday_rush,101,severe,0.0,0.0,205.22904512790504,157.01250704226084,157.01250704226084,157.01250704226084,23.49401277757453,0.0,7.237269445994294e-17,38.34406706442491,27.92175652884763,27.92175652884763,255.87715915564638,194.8572433838846,194.85724338388462,194.8572433838846,-1.4585913737069004e-14,0.0,1.0,0.0,,-0.0020812214509170084,0.1163740182237462
25,weekend_midday,102,mild,0.0,0.0,154.0589312508837,120.4532409048349,120.4532409048349,120.4532409048349,21.813529454726776,0.0,0.0,7.7180176811825545,6.423329346794235,6.423329346794235,165.02768971219496,129.5708136627245,129.5708136627245,129.57081366272448,0.0,0.0,1.0,0.0,,0.0014071847593154058,0.038945686007604584
25,weekend_midday,102,moderate,0.0,0.0,154.34307166943591,120.77696479460813,120.77696479460813,120.77696479460812,21.74772505935216,0.0,0.0,14.884034055146314,11.985412136281854,11.985412136281854,175.91873859573397,137.5214516894826,137.5214516894826,137.5214516894826,0.0,0.0,1.0,0.0,,0.0028143695186308116,0.07789137201520917
25,weekend_midday,102,severe,0.0,0.0,154.8989566312092,121.44169683756456,121.44169683756456,121.44169683756458,21.599409396475963,0.0,0.0,22.582562146602122,18.057348891742567,18.057348891742567,188.20119206041045,146.69765707410642,146.69765707410642,146.69765707410642,0.0,0.0,1.0,0.0,,0.0042215542779462135,0.11683705802281376
25,weekend_evening,103,mild,0.0,0.0,175.8465035972288,133.66353251324682,133.66353251324682,133.66353251324682,23.988518521016957,0.0,-2.9582078120375707e-16,9.471005602688622,6.936672748542924,6.936672748542925,188.02625106719117,142.32676169640112,142.32676169640112,142.3267616964011,0.0,0.0,1.0,0.0,,-0.0024168665199941746,0.04172626475062688
25,weekend_evening,103,moderate,0.0,0.0,175.39833737033055,133.40357112250737,133.40357112250737,133.40357112250737,23.942511016599173,0.0,1.7875411851557804e-16,19.241942732449424,13.720101371350683,13.720101371350683,200.90706503778523,151.46124023738489,151.46124023738486,151.46124023738489,1.8765005083715625e-14,0.0,1.0,0.0,,-0.004833733039988349,0.08345252950125376
25,weekend_evening,103,severe,0.0,0.0,175.15030050110488,133.45065721290203,133.45065721290203,133.45065721290203,23.807919923003386,0.0,-1.2358989304591314e-16,30.222715785991245,21.228711999598726,21.228711999598726,215.75707634527333,161.5526597422942,161.5526597422942,161.5526597422942,0.0,0.0,1.0,0.0,,-0.007250599559982524,0.1251787942518806
26,weekday_midday,104,mild,2.2876795284384013,0.0,168.80114133644616,124.52596117661069,122.0003513822212,122.0003513822212,27.725399001268556,2.0281793214248025,1.9821533312896267,8.517723872122659,7.180530272548208,6.961748101321444,178.40565976037175,132.87147334877977,130.34891852792475,130.34891852792475,1.8984923981639485,0.74,0.0,0.26,0.74,-0.005547771023281594,0.04315544195057778
26,weekday_midday,104,moderate,2.2876795284384013,0.0,167.45805956312714,123.52244181894166,121.34908955439936,121.34908955439936,27.53463770511801,1.7594796804033288,1.5910790993196435,16.77952506995781,13.965239338240576,13.2175241811393,186.31283941590465,139.5301145396854,137.70842909858686,137.70842909858686,1.305585856578947,0.64,0.0,0.36,0.64,-0.011095542046563187,0.08631088390115556
26,weekday_midday,104,severe,2.2876795284384013,0.0,166.14186512283436,122.5474814844111,120.82385845553463,120.82385845553463,27.276693104290466,1.4064940445925993,0.9086054691769654,25.76615755066502,21.585686425330785,20.081516650006407,195.70247131050965,147.51675414041085,146.13670718640438,146.13670718640438,0.9355187904235637,0.56,0.0,0.44,0.56,-0.01664331306984478,0.12946632585173332
26,weekday_rush,105,mild,0.566810604481621,0.0,239.44339560756117,157.29662618642547,156.19209781415321,156.19209781415321,34.76867573739797,0.7021945727959774,0.6582243442706124,12.888987951832558,8.643258498170859,8.017901582881326,257.69686288253416,168.0153749019005,164.82735654907225,164.82735654907225,1.8974563218929417,0.6,0.0,0.4,0.6,-0.0021056913026487553,0.0357895933803623
26,weekday_rush,105,moderate,0.566810604481621,0.0,238.65564799566752,157.28345598098264,156.0639726617579,156.0639726617579,34.60704828381391,0.7753411263878798,0.6157642097029097,27.68366689595123,17.715373376899944,16.323901184930214,277.242993105731,180.55929206292035,173.95187300060553,173.95187300060553,3.6594179046804745,0.54,0.0,0.46,0.54,-0.0042113826052975105,0.0715791867607246
26,weekday_rush,105,severe,0.566810604481621,0.0,237.83768188839068,157.4015646206218,156.0447013475433,156.0447013475433,34.390253004244336,0.8620392537703658,0.43084581927420146,45.33708718680297,28.557794311542064,26.10415737449116,301.06620290390237,194.44393440643108,184.6980433184383,184.6980433184383,5.0121857067660995,0.51,0.0,0.49,0.51,-0.0063170739079462645,0.10736878014108688
26,weekend_midday,106,mild,0.0,0.0,158.13990884519703,111.22316483251818,111.22316483251818,111.22316483251818,29.66787090955364,0.0,2.647851422757758e-16,7.7886063224587865,5.695411057126773,5.695411057126773,167.82711429824838,118.46172373303614,118.46172373303614,118.46172373303614,0.0,0.0,1.0,0.0,,0.0014311165305486045,0.0428819539762106
26,weekend_midday,106,moderate,0.0,0.0,158.82174864564692,111.49541847960155,111.49541847960155,111.49541847960158,29.79839384065522,0.0,6.045644534368785e-16,15.032128597959078,10.633639967217034,10.633639967217034,177.2309932014582,124.94412969570293,124.94412969570293,124.94412969570296,0.0,0.0,1.0,0.0,,0.002862233061097209,0.0857639079524212
26,weekend_midday,106,severe,0.0,0.0,159.73606101760646,111.93693576812285,111.93693576812285,111.93693576812285,29.92381616585317,0.0,-6.385682378267539e-17,22.68093418375947,16.044783279952338,16.044783279952338,187.3444956368694,132.15986099819563,132.15986099819563,132.15986099819565,0.0,0.0,1.0,0.0,,0.004293349591645814,0.12864586192863178
26,weekend_evening,107,mild,1.625738768919081,0.0,191.75070531237586,141.62007987444488,139.20318862725128,139.20318862725128,27.404080000394703,1.7066020929633214,1.6684981155866334,9.767278231916388,8.439464864964297,7.846892726073049,203.9348493156337,151.57930506915295,148.65950904036364,148.65950904036362,1.9262497789241402,0.8,0.0,0.2,0.8,0.007436107205251954,0.04142586724882571
26,weekend_evening,107,moderate,1.625738768919081,0.0,193.79089995159043,142.7907265400162,140.23977059587423,140.23977059587423,27.633459243490506,1.786499730027696,1.6503205533255478,19.91892244300169,16.97594714112869,15.74724825517756,219.30604054434136,164.65771125256856,161.7151142670537,161.7151142670537,1.7870994095145671,0.73,0.0,0.27,0.73,0.014872214410503909,0.08285173449765142
26,weekend_evening,107,severe,1.625738768919081,0.0,196.22656713245863,144.20222739678084,141.46857042030388,141.46857042030388,27.905495933785314,1.8957106459632889,1.5263352741673157,31.282130645291293,26.875540594727827,24.776553090118764,237.1725195344118,179.79904553510676,175.20917114843454,175.2091711484345,2.5527801735610565,0.64,0.0,0.36,0.64,0.022308321615755865,0.12427760174647712
27,weekday_midday,108,mild,0.0,0.0,125.7127329060372,103.97485207794703,103.97485207794703,103.97485207794703,17.291709698442357,0.0,2.3359626367711524e-16,7.878822042580389,6.718096704286996,6.718096704286995,135.5768222626789,113.49919990905092,113.4991999090509,113.49919990905092,1.2520665103004632e-14,0.0,1.0,0.0,,0.0055067533638970744,0.044382747327636585
27,weekday_midday,108,moderate,0.0,0.0,126.633619671355,104.70757580213544,104.70757580213541,104.70757580213544,17.31455195399374,2.7143890222529976e-14,-2.374829423043109e-16,14.885164518143824,12.703928668484505,12.703928668484505,145.33045617353218,120.5774628493862,120.5774628493862,120.5774628493862,0.0,0.0,1.0,0.0,,0.011013506727794149,0.08876549465527317
27,weekday_midday,108,severe,0.0,0.0,127.80109735907126,105.7153218896245,105.7153218896245,105.7153218896245,17.281366064795467,0.0,1.051708733006143e-15,22.782665177463816,19.537530935310944,19.537530935310944,156.4133836182659,129.96228531050394,129.96228531050394,129.96228531050394,0.0,0.0,1.0,0.0,,0.016520260091691222,0.13314824198290973
27,weekday_rush,109,mild,0.0,0.0,171.59445074860648,130.12109628025829,130.12109628025829,130.12109628025829,24.169403082334235,0.0,9.680233906282601e-16,10.406560322981829,7.542838552766592,7.542838552766592,184.31602602825953,138.6002276690839,138.6002276690839,138.6002276690839,0.0,0.0,1.0,0.0,,-0.0016534372857925734,0.03857978180007198
27,weekday_rush,109,moderate,0.0,0.0,171.04487545324108,129.70601951858373,129.70601951858373,129.70601951858373,24.168427042971096,0.0,2.313713412553565e-16,21.656997616815396,15.377053726704162,15.37705372670416,199.02521349908858,145.9094726700101,145.9094726700101,145.9094726700101,0.0,0.0,1.0,0.0,,-0.003306874571585147,0.07715956360014396
27,weekday_rush,109,severe,0.0,0.0,170.5800619802415,129.4636227315953,129.4636227315953,129.4636227315953,24.10389512779563,0.0,-2.2128167407518763e-16,35.15616651734594,24.726602336877985,24.726602336877985,215.0878942919032,156.36953724296959,156.36953724296959,156.36953724296959,0.0,0.0,1.0,0.0,,-0.004960311857377714,0.11573934540021592
27,weekend_midday,110,mild,0.0,0.0,117.57903597419867,95.80033283918304,95.80033283918304,95.80033283918304,18.52260732924763,0.0,0.0,6.189942692238866,5.3220713253701515,5.3220713253701515,125.60022338628819,102.73610774698022,102.73610774698022,102.73610774698022,0.0,0.0,1.0,0.0,,-0.003091163859360252,0.039045806266669515
27,weekend_midday,110,moderate,0.0,0.0,117.49611772465389,95.62223235162993,95.62223235162993,95.62223235162993,18.616687765194317,0.0,0.0,11.49808345665793,9.613030379178685,9.613030379178685,131.87977062820747,107.51136801339003,107.51136801339003,107.51136801339001,0.0,0.0,1.0,0.0,,-0.006182327718720504,0.07809161253333903
27,weekend_midday,110,severe,0.0,0.0,117.69348378282865,95.71958110839607,95.71958110839607,95.71958110839607,18.670449686899783,0.0,0.0,17.34881314562856,14.45650358391363,14.45650358391363,139.2915374216207,113.96399178701482,113.96399178701482,113.96399178701482,0.0,0.0,1.0,0.0,,-0.009273491578080757,0.11713741880000851
27,weekend_evening,111,mild,0.0,0.0,139.3627838869271,114.03335861842199,114.03335861842199,114.03335861842199,18.175171708005138,0.0,1.3275779572740538e-16,7.808476582864606,7.3861192647363305,7.3861192647363305,149.28173086059152,123.1397741732945,123.1397741732945,123.1397741732945,0.0,0.0,1.0,0.0,,-0.004107397764632185,0.04061701960232804
27,weekend_evening,111,moderate,0.0,0.0,138.93651280463212,112.84476452527763,112.84476452527763,112.84476452527763,18.779619376257006,0.0,-3.469504263522835e-16,15.330513515802577,14.262936042527224,14.262936042527222,158.13947526573747,131.29921610643353,131.29921610643353,131.29921610643353,0.0,0.0,1.0,0.0,,-0.00821479552926437,0.08123403920465608
27,weekend_evening,111,severe,0.0,0.0,138.8738078516336,111.77386764511974,111.77386764511972,111.77386764511974,19.51407585472575,1.2713933063783068e-14,4.628826420900393e-16,23.53788220650479,21.813336124092334,21.813336124092338,168.56760748545045,140.52691458215557,140.5269145821556,140.52691458215557,-2.0225100305456404e-14,0.0,1.0,0.0,,-0.012322193293896557,0.12185105880698409
28,weekday_midday,112,mild,-1.3174122529660346e-14,0.0,123.37717911979126,107.48623845976181,107.48623845976181,107.48623845976181,12.879967570502144,0.0,-1.151958897937078e-16,6.632897735968981,6.245214965822719,6.245214965822719,131.3301376585314,114.94812393441795,114.94812393441796,114.94812393441796,-1.2362841800976072e-14,0.0,1.0,0.0,,-0.0034880643469566417,0.03878734495854699
28,weekday_midday,112,moderate,-1.3174122529660346e-14,0.0,122.65097774498243,107.14234143908567,107.14234143908567,107.14234143908567,12.64452725207175,0.0,-4.1471654238856946e-17,12.670965941040002,11.825571456250435,11.825571456250435,138.89479879617505,120.31553098368468,120.31553098368468,120.31553098368468,0.0,0.0,1.0,0.0,,-0.0069761286939132834,0.07757468991709399
28,weekday_midday,112,severe,-1.3174122529660346e-14,0.0,121.94500807920762,107.012663582757,107.012663582757,107.012663582757,12.245146178309763,0.0,4.880374164555895e-17,19.43287961670557,18.26607691584354,18.26607691584354,147.22630652460592,127.52470982033246,127.52470982033246,127.52470982033246,0.0,0.0,1.0,0.0,,-0.010464193040869924,0.11636203487564098
28,weekday_rush,113,mild,2.1642277551398642e-14,0.0,156.24644229654862,132.31784104644248,132.31784104644248,132.31784104644248,15.31465350403995,0.0,-1.058932321479095e-15,10.10438847459979,8.542017286347566,8.54201728634757,168.20052892371123,142.9283171965124,142.9283171965124,142.9283171965124,0.0,0.0,1.0,0.0,,0.00645442436552247,0.040310863965301584
28,weekday_rush,113,moderate,2.1642277551398642e-14,0.0,157.94132441741465,133.54111822035023,133.54111822035023,133.54111822035023,15.448905653455473,0.0,2.8231271186571343e-16,20.196873128653923,17.115194921934318,17.115194921934318,180.72108543178433,154.56261428516893,154.56261428516893,154.56261428516893,0.0,0.0,1.0,0.0,,0.01290884873104494,0.08062172793060317
28,weekday_rush,113,severe,2.1642277551398642e-14,0.0,160.03928507306327,135.17466446555235,135.17466446555235,135.17466446555235,15.536573158371326,0.0,1.3518762353937714e-15,32.05689682078611,27.254778036078566,27.254778036078573,198.62473077983057,169.00061747848298,169.00061747848295,169.00061747848298,1.6817518098135136e-14,0.0,1.0,0.0,,0.01936327309656741,0.12093259189590476
28,weekend_midday,114,mild,-1.5176513975126213e-14,0.0,120.19596225837553,93.5396088861502,93.5396088861502,93.5396088861502,22.177411679540715,0.0,-3.8339243549609397e-16,6.438032336068235,4.911067182645013,4.911067182645015,127.69767655042925,101.10568508883635,101.10568508883635,101.10568508883635,0.0,0.0,1.0,0.0,,0.00035252021820524336,0.0372257670744724
28,weekend_midday,114,moderate,-1.5176513975126213e-14,0.0,120.28267204128333,93.57895567265446,93.57895567265446,93.57895567265446,22.200800759949566,0.0,-8.853571818030905e-16,11.914619699806162,8.67819204648069,8.67819204648069,135.47548929467956,108.31610278270867,108.31610278270867,108.31610278270867,0.0,0.0,1.0,0.0,,0.0007050404364104867,0.0744515341489448
28,weekend_midday,114,severe,-1.5176513975126213e-14,0.0,120.52855190728728,93.9036096325111,93.9036096325111,93.9036096325111,22.090153622070027,0.0,1.2305495904964145e-15,18.056700341691798,13.011373042776627,13.011373042776627,143.7745117585758,115.81827501698498,115.818275016985,115.81827501698498,-1.2269958875762872e-14,0.0,1.0,0.0,,0.0010575606546157324,0.1116773012234172
28,weekend_evening,115,mild,0.9615188422434312,0.0,143.76020709748943,122.82585924680488,121.85574715455186,121.85574715455186,15.23680327483341,0.7898272385000669,0.7420720298472054,7.868226287966173,6.7909287417257405,6.793760615167039,154.38099536519917,130.7777341390824,130.15094263815024,130.15094263815024,0.4792799822220325,0.61,0.0,0.39,0.61,-0.0033100005158972047,0.03788838299701684
28,weekend_evening,115,moderate,0.9615188422434312,0.0,143.28151946299405,122.31346870293618,121.60124408329861,121.60124408329861,15.131243345932624,0.5822945152241192,0.3993369170638201,15.72094538912986,13.476353401126882,12.923919405807975,163.71681712716506,138.06876045093674,137.11516106861717,137.11516106861714,0.6906699091127366,0.56,0.0,0.44,0.56,-0.0066200010317944095,0.07577676599403368
28,weekend_evening,115,severe,0.9615188422434312,0.0,142.81900733444013,121.92222976129729,121.55080896111141,121.55080896111141,14.89171418446065,0.3046374733410401,-0.21864285327397567,24.876748462013087,21.43870622636004,20.122045268167565,174.3725552120215,146.73968656334733,145.52505244661435,145.52505244661435,0.8277475202379043,0.52,0.0,0.48,0.52,-0.009930001547691617,0.11366514899105051
29,weekday_midday,116,mild,0.0,0.0,146.09755395607502,107.48743297767753,107.48743297767753,107.48743297767753,26.427629986198003,0.0,-8.139632626756206e-16,7.611160785073211,5.369276001948614,5.369276001948614,156.96979749965246,114.66256465977197,114.66256465977196,114.66256465977197,1.2393630612893238e-14,0.0,1.0,0.0,,-0.004925937408848083,0.036412357196302925
29,weekday_midday,116,moderate,0.0,0.0,145.5739682283649,106.90543803481518,106.90543803481518,106.90543803481518,26.56280560607484,0.0,-1.0872076503359788e-15,14.74985885230589,10.158692659234731,10.158692659234733,166.29329113568195,118.71205957289318,118.71205957289318,118.71205957289318,0.0,0.0,1.0,0.0,,-0.009851874817696166,0.07282471439260585
29,weekday_midday,116,severe,0.0,0.0,145.2255514102324,106.56638024238107,106.56638024238107,106.56638024238107,26.620089090691145,0.0,8.616287522970686e-16,22.938416812624318,15.70946054655045,15.709460546550448,177.3357599806324,124.29741994331859,124.29741994331859,124.29741994331859,0.0,0.0,1.0,0.0,,-0.014777812226544255,0.10923707158890879
29,weekday_rush,117,mild,0.0,0.0,171.79414142558116,137.266944461082,137.266944461082,137.266944461082,20.09800606585636,0.0,2.646636448840767e-16,8.991762851885094,7.865061816966249,7.865061816966251,184.6061502490221,147.21504265285589,147.21504265285589,147.21504265285589,0.0,0.0,1.0,0.0,,-0.0019853228482518935,0.035793198120144365
29,weekday_rush,117,moderate,0.0,0.0,171.4428822024037,136.70871012010576,136.70871012010576,136.70871012010576,20.259909093975175,0.0,-9.621413314024206e-17,18.400854913875165,16.036368128051297,16.036368128051297,198.33400689127134,155.65493016517777,155.65493016517777,155.65493016517777,0.0,0.0,1.0,0.0,,-0.003970645696503787,0.07158639624028873
29,weekday_rush,117,severe,0.0,0.0,171.1352250115645,136.167987721631,136.167987721631,136.167987721631,20.43251895544625,0.0,1.8943845767922815e-17,29.558554137683462,25.8964211630945,25.8964211630945,213.81873054684388,165.9460621369786,165.9460621369786,165.9460621369786,0.0,0.0,1.0,0.0,,-0.005955968544755679,0.10737959436043311
29,weekend_midday,118,mild,0.0,0.0,122.30543155507438,92.93977896357393,92.93977896357393,92.93977896357393,24.010096868246638,0.0,1.7808682090992505e-16,6.222140736261207,5.090610635069499,5.0906106350695,129.9814854662244,98.76803085478912,98.76803085478912,98.76803085478912,0.0,0.0,1.0,0.0,,-0.002084470584857594,0.039772275035114456
29,weekend_midday,118,moderate,0.0,0.0,122.20510429414045,92.64074919357552,92.64074919357552,92.64074919357552,24.192406095743173,0.0,-3.424305180570238e-16,11.606709939281712,9.127376576793335,9.127376576793333,137.8610396617773,104.03932192356127,104.03932192356127,104.03932192356127,0.0,0.0,1.0,0.0,,-0.004168941169715188,0.07954455007022891
29,weekend_midday,118,severe,0.0,0.0,122.2969749943308,92.52314815199244,92.52314815199244,92.52314815199244,24.34551373304086,0.0,1.3305207142114517e-15,17.401103527263373,13.613485419338252,13.613485419338252,145.94877967450657,109.68563391255972,109.68563391255972,109.68563391255972,0.0,0.0,1.0,0.0,,-0.006253411754572779,0.11931682510534336
29,weekend_evening,119,mild,0.0,0.0,155.5759832298143,108.44041872246413,108.44041872246416,108.44041872246416,30.297455641159125,-2.6209516493241158e-14,2.5626847275164983e-16,7.976954874951779,5.90537414436054,5.90537414436054,166.80682854132723,115.46581708445814,115.46581708445812,115.46581708445812,1.2307412768583616e-14,0.0,1.0,0.0,,-0.00631480964632549,0.03544710588972193
29,weekend_evening,119,moderate,0.0,0.0,154.1442008163685,107.9627829157435,107.9627829157435,107.9627829157435,29.959880200514828,0.0,-4.856291538984592e-16,15.835681745375261,10.89945559700156,10.899455597001563,176.73348883957038,120.26702901261865,120.26702901261865,120.26702901261865,0.0,0.0,1.0,0.0,,-0.01262961929265098,0.07089421177944386
29,weekend_evening,119,severe,0.0,0.0,152.65599305208573,107.67920174333682,107.67920174333682,107.67920174333682,29.462840213160174,0.0,-6.495055564965517e-16,24.85602314979632,16.771553578309174,16.771553578309174,187.80725665082147,126.304176888238,126.304176888238,126.304176888238,0.0,0.0,1.0,0.0,,-0.018944428938976472,0.10634131766916578
